,0,1,2,3,4,5,6,7,8,9,posters,links,raw_info
0,/title/80127001,Resurrection: Ertugrul,"When a good deed unwittingly endangers his clan, a 13th-century Turkish warrior agrees to fight a sultan's enemies in exchange for new tribal land.",TV-14,2 Seasons,2014,"CreatorsMehmet Bozdağ, CastEngin Altan DüzyatanSerdar GökhanHülya DarcanKaan TaşanerEsra BilgiçOsman SoykutSerdar DenizCengiz CoşkunReshad StrikHande Subaşı","Mehmet Bozdağ, Engin Altan Düzyatan, Serdar Gökhan, Hülya Darcan, Kaan Taşaner, Esra Bilgiç, Osman Soykut, Serdar Deniz, Cengiz Coşkun, Reshad Strik, Hande Subaşı","[u'TV Shows', u'International TV Shows', u'TV Action & Adventure', u'TV Dramas', u'Period Pieces', u'Exciting', u'Suspenseful']",https://occ-0-1361-1007.1.nflxso.net/art/61e47/3aae550639732c55925ef057657f26da45861e47.jpg,"<div class=""title-boxart"" style=""background-image:url(https://occ-0-1361-1007.1.nflxso.net/art/361f1/6a457709c0343abb69c45f18a32ecb29f22361f1.jpg);""></div>",/title/80127001,"<p class=""watch-page-link"" data-href=""/title/80127001""><span class=""watch-page-link-title"" data-href=""/title/80127001"">Resurrection: Ertugrul</span><span class=""watch-page-link-availability""><span class=""watch-page-link-year"">2014</span><span class=""watch-page-link-maturity"">TV-14</span><span class=""watch-page-link-duration"">2 Seasons</span></span></p>"
1,/title/80037484,Kurt Seyit & Sura,A Turkish lieutenant and the daughter of Russian nobles fight for their love against forces of family and social expectation and historical events.,TV-14,1 Season,2014,"CreatorsNermin Bezmen, CastKıvanç TatlıtuğFarah Zeynep AbdullahFahriye EvcenUshan ÇakırBirkan Sokullu","Nermin Bezmen, Kıvanç Tatlıtuğ, Farah Zeynep Abdullah, Fahriye Evcen, Ushan Çakır, Birkan Sokullu","[u'TV Shows', u'International TV Shows', u'Romantic TV Shows', u'TV Dramas', u'Exciting', u'Romantic']",https://occ-0-1361-1007.1.nflxso.net/art/56125/686955de190209f0afd187e6f1cb81cb40b56125.jpg,"<div class=""title-boxart"" style=""background-image:url(https://occ-0-1361-1007.1.nflxso.net/art/31699/64c4fc07170463acc64146fc2f3427d849331699.jpg);""></div>",/title/80037484,"<p class=""watch-page-link"" data-href=""/title/80037484""><span class=""watch-page-link-title"" data-href=""/title/80037484"">Kurt Seyit &amp; Sura</span><span class=""watch-page-link-availability""><span class=""watch-page-link-year"">2014</span><span class=""watch-page-link-maturity"">TV-14</span><span class=""watch-page-link-duration"">1 Season</span></span></p>"
2,/title/80089559,Magnificent Century,Palace intrigue roils a mighty empire in this drama tracing the reign of Ottoman Sultan Suleyman the Magnificent and the slave who became his wife.,TV-14,1 Season,2011,CastHalit ErgençMeryem UzerliNur FettahoğluOkan YalabıkNebahat ÇehreSelma ErgeçFiliz AhmetSelim BayraktarSelen ÖztürkPınar Çağlar GençtürkFehmi KaraarslanArif ErkinMurat Şahan,"Halit Ergenç, Meryem Uzerli, Nur Fettahoğlu, Okan Yalabık, Nebahat Çehre, Selma Ergeç, Filiz Ahmet, Selim Bayraktar, Selen Öztürk, Pınar Çağlar Gençtürk, Fehmi Karaarslan, Arif Erkin, Murat Şahan","[u'TV Shows', u'International TV Shows', u'TV Dramas', u'Period Pieces']",https://occ-0-1361-1007.1.nflxso.net/art/4d509/a8b3c5a18a7a23f83387fe61c00937d388f4d509.jpg,"<div class=""title-boxart"" style=""background-image:url(https://occ-0-1361-1007.1.nflxso.net/art/5379b/a0ef9b299aee623343adef083ac5f32ec825379b.jpg);""></div>",/title/80089559,"<p class=""watch-page-link"" data-href=""/title/80089559""><span class=""watch-page-link-title"" data-href=""/title/80089559"">Magnificent Century</span><span class=""watch-page-link-availability""><span class=""watch-page-link-year"">2011</span><span class=""watch-page-link-maturity"">TV-14</span><span class=""watch-page-link-duration"">1 Season</span></span></p>"
3,/title/80119381,Winter Sun,"Years after ruthless businessmen kill his father and order the death of his twin brother, a modest fisherman adopts a new persona to exact revenge.",TV-14,1 Season,2014,CastŞükrü ÖzyıldızAslı EnverŞenay GürlerBaşak ParlakMahir GünşirayHakan BoyavHakan GerçekBerrak KuşGamze Süner AtayMehmet Esen,"Şükrü Özyıldız, Aslı Enver, Şenay Gürler, Başak Parlak, Mahir Günşiray, Hakan Boyav, Hakan Gerçek, Berrak Kuş, Gamze Süner Atay, Mehmet Esen","[u'TV Shows', u'International TV Shows', u'TV Dramas', u'Emotional', u'Suspenseful']",https://occ-0-1361-1007.1.nflxso.net/art/999c4/7bb2d97fafc4209303ca5c043ba111d88c1999c4.jpg,"<div class=""title-boxart"" style=""background-image:url(https://occ-0-1361-1007.1.nflxso.net/art/9c645/38b54a979865bf17671eac9e4066c9355ff9c645.jpg);""></div>",/title/80119381,"<p class=""watch-page-link"" data-href=""/title/80119381""><span class=""watch-page-link-title"" data-href=""/title/80119381"">Winter Sun</span><span class=""watch-page-link-availability""><span class=""watch-page-link-year"">2014</span><span class=""watch-page-link-maturity"">TV-14</span><span class=""watch-page-link-duration"">1 Season</span></span></p>"
4,/title/80106774,Love Bird,"Spending school vacations with her aunt, feisty orphan Feride falls for her sophisticated older cousin, Kamran. Love blossoms, but can it flourish?",TV-14,1 Season,2013,CastFahriye EvcenBurak ÖzçivitBegüm KütükDeniz CelilogluMehmet ÖzgürElif İskenderHande ErçelEbru HelvacıoğluBengü Ergin,"Fahriye Evcen, Burak Özçivit, Begüm Kütük, Deniz Celiloglu, Mehmet Özgür, Elif İskender, Hande Erçel, Ebru Helvacıoğlu, Bengü Ergin","[u'TV Shows', u'International TV Shows', u'Romantic TV Shows', u'TV Dramas', u'Emotional', u'Romantic']",https://occ-0-1361-1007.1.nflxso.net/art/1b470/498a3d4356564c8cbceadf47db10676a4f91b470.jpg,"<div class=""title-boxart"" style=""background-image:url(https://occ-0-1361-1007.1.nflxso.net/art/e065c/63815bd5bf65e4a8295ab1734adbbbdb5f8e065c.jpg);""></div>",/title/80106774,"<p class=""watch-page-link"" data-href=""/title/80106774""><span class=""watch-page-link-title"" data-href=""/title/80106774"">Love Bird</span><span class=""watch-page-link-availability""><span class=""watch-page-link-year"">2013</span><span class=""watch-page-link-maturity"">TV-14</span><span class=""watch-page-link-duration"">1 Season</span></span></p>"
5,/title/80149594,Intersection,"Two wealthy businessmen with car obsessions cross paths with an idealist pediatrician. Love enters the equation, and their lives change for good.",TV-14,3 Seasons,2016,Castİbrahim ÇelikkolBelçim BilginAlican YücesoyTeoman KumbaracıbaşıSerdar YeğinTülay GünalGözde CığacıFerit AktuğRojda DemirerAybars Kartal Özson,"İbrahim Çelikkol, Belçim Bilgin, Alican Yücesoy, Teoman Kumbaracıbaşı, Serdar Yeğin, Tülay Günal, Gözde Cığacı, Ferit Aktuğ, Rojda Demirer, Aybars Kartal Özson","[u'TV Shows', u'International TV Shows', u'Romantic TV Shows', u'TV Dramas', u'Emotional', u'Romantic']",https://occ-0-1361-1007.1.nflxso.net/art/fbbf7/d1ab3ad2a9a832e2b402d1de5a4e84d665bfbbf7.jpg,"<div class=""title-boxart"" style=""background-image:url(https://occ-0-1361-1007.1.nflxso.net/art/9e109/a77a938bdc5071789764f77a2f1ba178a9c9e109.jpg);""></div>",/title/80149594,"<p class=""watch-page-link"" data-href=""/title/80149594""><span class=""watch-page-link-title"" data-href=""/title/80149594"">Intersection</span><span class=""watch-page-link-availability""><span class=""watch-page-link-year"">2016</span><span class=""watch-page-link-maturity"">TV-14</span><span class=""watch-page-link-duration"">3 Seasons</span></span></p>"
6,/title/80089558,1001 Nights,"Widowed and impoverished, a single mother desperately trying to raise the money her child needs for cancer treatment receives a life-changing offer.",TV-14,1 Season,2006,CastHalit ErgençBergüzar KorelTardu FlordunCeyda DüvenciMetin ÇekmezTomris İncerErgün Demir,"Halit Ergenç, Bergüzar Korel, Tardu Flordun, Ceyda Düvenci, Metin Çekmez, Tomris İncer, Ergün Demir","[u'TV Shows', u'International TV Shows', u'TV Dramas', u'TV Soaps', u'Emotional', u'Sentimental']",https://occ-0-1361-1007.1.nflxso.net/art/0ab72/55655a37bbb2469581cd14612372f86b8e20ab72.jpg,"<div class=""title-boxart"" style=""background-image:url(https://occ-0-1361-1007.1.nflxso.net/art/d29e5/20de0e6542c0550f4f1a9c03a1c9a341719d29e5.jpg);""></div>",/title/80089558,"<p class=""watch-page-link"" data-href=""/title/80089558""><span class=""watch-page-link-title"" data-href=""/title/80089558"">1001 Nights</span><span class=""watch-page-link-availability""><span class=""watch-page-link-year"">2006</span><span class=""watch-page-link-maturity"">TV-14</span><span class=""watch-page-link-duration"">1 Season</span></span></p>"
7,/title/80121973,Behzat Ç.,An Ankara homicide detective with a dark personal life and a disdain for rules and political correctness solves murders and fights police corruption.,TV-MA,1 Season,2010,"CreatorsEmrah Serbes, CastErdal BeşikçioğluFatih Artmanİnanç KonukçuSeda BakanBerkan ŞalAyça ErenBerke ÜzrekCanan ErgüderEge AydanEray EserolHakan Hatipoğlu","Emrah Serbes, Erdal Beşikçioğlu, Fatih Artman, İnanç Konukçu, Seda Bakan, Berkan Şal, Ayça Eren, Berke Üzrek, Canan Ergüder, Ege Aydan, Eray Eserol, Hakan Hatipoğlu","[u'TV Shows', u'Crime TV Shows', u'International TV Shows', u'TV Dramas', u'Crime TV Dramas', u'Gritty']",https://occ-0-1361-1007.1.nflxso.net/art/94668/7e1a7e56e937e3a8dc5cd903a860341b86494668.jpg,"<div class=""title-boxart"" style=""background-image:url(https://occ-0-1361-1007.1.nflxso.net/art/8169e/b6e6c58942dfff8980bca66b4cea30a6b8e8169e.jpg);""></div>",/title/80121973,"<p class=""watch-page-link"" data-href=""/title/80121973""><span class=""watch-page-link-title"" data-href=""/title/80121973"">Behzat Ç.</span><span class=""watch-page-link-availability""><span class=""watch-page-link-year"">2010</span><span class=""watch-page-link-maturity"">TV-MA</span><span class=""watch-page-link-duration"">1 Season</span></span></p>"
8,/title/80037129,Ezel,A young man framed for a crime escapes a prison sentence by faking his own death and assuming a new identity as he seeks revenge.,TV-14,1 Season,2009,CastKenan İmirzalıoğluCansu DereHaluk BilginerYiğit ÖzşenerBarış FalayBurçin TerzioğluBade İşçilSarp Akkayaİpek BilginSalih KalyonTuncel KurtizSedef AvcıBerrak Tüzünataçİsmail Filiz,"Kenan İmirzalıoğlu, Cansu Dere, Haluk Bilginer, Yiğit Özşener, Barış Falay, Burçin Terzioğlu, Bade İşçil, Sarp Akkaya, İpek Bilgin, Salih Kalyon, Tuncel Kurtiz, Sedef Avcı, Berrak Tüzünataç, İsmail Filiz","[u'TV Shows', u'Crime TV Shows', u'International TV Shows', u'TV Dramas', u'Crime TV Dramas', u'Emotional', u'Suspenseful']",https://occ-0-1361-1007.1.nflxso.net/art/c2825/6ceceec1c245bcb8b13f58a6908da9655cec2825.jpg,"<div class=""title-boxart"" style=""background-image:url(https://occ-0-1361-1007.1.nflxso.net/art/1d594/91d8031d22a9d5be9da0c1b5b1b840ae4471d594.jpg);""></div>",/title/80037129,"<p class=""watch-page-link"" data-href=""/title/80037129""><span class=""watch-page-link-title"" data-href=""/title/80037129"">Ezel</span><span class=""watch-page-link-availability""><span class=""watch-page-link-year"">2009</span><span class=""watch-page-link-maturity"">TV-14</span><span class=""watch-page-link-duration"">1 Season</span></span></p>"
9,/title/80114998,The Girl I Loved,Two young lovers from very different worlds find their dreams upended by disapproving family members and an unexpected twist of fate.,TV-MA,1 Season,2011,CastBülent İnalÇetin TekindorGülcan ArslanHakan KurtaşŞefika Ümit TolunOnuryay EvrentanArzu Gamze KılınçUlaş TorunEzgi ÇelikCansu Koçİlayda AlişanUğur DemirpehlivanSongül BayoğluSaydam YeniayMine TüfekçioğluHüseyin TaşUfuk Aşar,"Bülent İnal, Çetin Tekindor, Gülcan Arslan, Hakan Kurtaş, Şefika Ümit Tolun, Onuryay Evrentan, Arzu Gamze Kılınç, Ulaş Torun, Ezgi Çelik, Cansu Koç, İlayda Alişan, Uğur Demirpehlivan, Songül Bayoğlu, Saydam Yeniay, Mine Tüfekçioğlu, Hüseyin Taş, Ufuk Aşar","[u'TV Shows', u'International TV Shows', u'Romantic TV Shows', u'TV Dramas', u'Emotional', u'Romantic', u'Understated']",https://occ-0-1361-1007.1.nflxso.net/art/dcf2b/d8b2645597943b5646a7c4728f1e54ac973dcf2b.jpg,"<div class=""title-boxart"" style=""background-image:url(https://occ-0-1361-1007.1.nflxso.net/art/b61ba/24c1340e29f0c294495dad29c7fb301f60ab61ba.jpg);""></div>",/title/80114998,"<p class=""watch-page-link"" data-href=""/title/80114998""><span class=""watch-page-link-title"" data-href=""/title/80114998"">The Girl I Loved</span><span class=""watch-page-link-availability""><span class=""watch-page-link-year"">2011</span><span class=""watch-page-link-maturity"">TV-MA</span><span class=""watch-page-link-duration"">1 Season</span></span></p>"
10,/title/80120200,Gonul,"A nurse escapes from her surgeon fiancé after his ex reveals his dark secrets. She later finds love again, but a car accident changes everything.",TV-14,1 Season,2015,"DirectorsNeslihan Yesilyurt, CastGökçe BahadırEngin ÖztürkOnur Saylak","Neslihan Yesilyurt, Gökçe Bahadır, Engin Öztürk, Onur Saylak","[u'TV Shows', u'International TV Shows', u'TV Dramas', u'Emotional', u'Suspenseful']",https://occ-0-1361-1007.1.nflxso.net/art/e47cd/6ae5decceac66e325af1d962040bfdff7a9e47cd.jpg,"<div class=""title-boxart"" style=""background-image:url(https://occ-0-1361-1007.1.nflxso.net/art/a1b9f/c0f0337f6d6ec59dc3e996d2b73cc642991a1b9f.jpg);""></div>",/title/80120200,"<p class=""watch-page-link"" data-href=""/title/80120200""><span class=""watch-page-link-title"" data-href=""/title/80120200"">Gonul</span><span class=""watch-page-link-availability""><span class=""watch-page-link-year"">2015</span><span class=""watch-page-link-maturity"">TV-14</span><span class=""watch-page-link-duration"">1 Season</span></span></p>"
11,/title/80089561,Love and Punishment,"After discovering her fiancé's infidelity, good girl Yasemin's journey of wild revenge destroys a sacred promise to her father and changes her future.",TV-14,1 Season,2010,CastNurgül YeşilçayMurat YıldırımFeride ÇetinTomris İncerZeynep BeşerlerCaner KurtaranGökçe YanardağOktay GürsoyKerem AtabeyoğluSennur KayaNazan KesalCenk Ertan,"Nurgül Yeşilçay, Murat Yıldırım, Feride Çetin, Tomris İncer, Zeynep Beşerler, Caner Kurtaran, Gökçe Yanardağ, Oktay Gürsoy, Kerem Atabeyoğlu, Sennur Kaya, Nazan Kesal, Cenk Ertan","[u'TV Shows', u'International TV Shows', u'Romantic TV Shows', u'TV Action & Adventure', u'TV Dramas', u'Exciting', u'Romantic']",https://occ-0-1361-1007.1.nflxso.net/art/3c4af/14850b6f095c84c81574ea443a5bc8ac51e3c4af.jpg,"<div class=""title-boxart"" style=""background-image:url(https://occ-0-1361-1007.1.nflxso.net/art/b5595/77b0e19674722bbf6ec5ab26d9d9c4361cdb5595.jpg);""></div>",/title/80089561,"<p class=""watch-page-link"" data-href=""/title/80089561""><span class=""watch-page-link-title"" data-href=""/title/80089561"">Love and Punishment</span><span class=""watch-page-link-availability""><span class=""watch-page-link-year"">2010</span><span class=""watch-page-link-maturity"">TV-14</span><span class=""watch-page-link-duration"">1 Season</span></span></p>"
12,/title/80037153,Karadayi,"When his father is wrongly convicted of a murder, a man tries to find the real killer, drawing his respectable family into a dangerous war.",TV-14,1 Season,2012,CastKenan İmirzalıoğluBergüzar KorelÇetin TekindorYurdaer OkurErkan AvcıMelike YalovaRıza KocaoğluŞebnem DilligilLila Nil GürmenDeniz Şen HamzaoğluAta Berk Mutlu,"Kenan İmirzalıoğlu, Bergüzar Korel, Çetin Tekindor, Yurdaer Okur, Erkan Avcı, Melike Yalova, Rıza Kocaoğlu, Şebnem Dilligil, Lila Nil Gürmen, Deniz Şen Hamzaoğlu, Ata Berk Mutlu","[u'TV Shows', u'Crime TV Shows', u'International TV Shows', u'TV Dramas', u'Crime TV Dramas']",https://occ-0-1361-1007.1.nflxso.net/art/6e225/afd098af272181af4e8ae689a2387eca3216e225.jpg,"<div class=""title-boxart"" style=""background-image:url(https://occ-0-1361-1007.1.nflxso.net/art/959ad/84be3c10417c29f5646818aa9f6401d639c959ad.jpg);""></div>",/title/80037153,"<p class=""watch-page-link"" data-href=""/title/80037153""><span class=""watch-page-link-title"" data-href=""/title/80037153"">Karadayi</span><span class=""watch-page-link-availability""><span class=""watch-page-link-year"">2012</span><span class=""watch-page-link-maturity"">TV-14</span><span class=""watch-page-link-duration"">1 Season</span></span></p>"
13,/title/80037176,Kacak,A cop who killed a mobster's son and fled to a small town with a changed identity finds his quiet new life disrupted when he becomes a local hero.,TV-14,1 Season,2013,CastGürkan UygunMustafa AvkıranBerk HakmanBegüm BirgörenÖzlem YılmazYağmur Tanrısevsinİnanç KonukçuHasan KüçükçetinMetin CoşkunSelda ÖzerYağız Atakan SavaşBurak DenizCengiz SeziciHaluk BilginerTuğba Melis Türk,"Gürkan Uygun, Mustafa Avkıran, Berk Hakman, Begüm Birgören, Özlem Yılmaz, Yağmur Tanrısevsin, İnanç Konukçu, Hasan Küçükçetin, Metin Coşkun, Selda Özer, Yağız Atakan Savaş, Burak Deniz, Cengiz Sezici, Haluk Bilginer, Tuğba Melis Türk","[u'TV Shows', u'Crime TV Shows', u'International TV Shows', u'TV Action & Adventure', u'TV Dramas', u'Crime TV Dramas', u'Suspenseful', u'Violent']",https://occ-0-1361-1007.1.nflxso.net/art/f9295/ad87594a956efe826a17fca0ebeb4bbe359f9295.jpg,"<div class=""title-boxart"" style=""background-image:url(https://occ-0-1361-1007.1.nflxso.net/art/bdfde/822911ada0beb6f2e099971a12172af9d81bdfde.jpg);""></div>",/title/80037176,"<p class=""watch-page-link"" data-href=""/title/80037176""><span class=""watch-page-link-title"" data-href=""/title/80037176"">Kacak</span><span class=""watch-page-link-availability""><span class=""watch-page-link-year"">2013</span><span class=""watch-page-link-maturity"">TV-14</span><span class=""watch-page-link-duration"">1 Season</span></span></p>"
14,/title/70086000,Gallipoli,"Explore the World War I Gallipoli battle through dramatic reenactments, 3D animation and interviews with noted experts in this meticulous docudrama.",NR,118m,2006,"DirectorsTolga Örnek, CastZafer Ergin","Tolga Örnek, Zafer Ergin","[u'Documentaries', u'International Documentaries', u'Historical Documentaries', u'Military Documentaries', u'International Movies', u'Middle Eastern Movies', u'Dark']",https://occ-0-1361-1007.1.nflxso.net/art/4da9a/7aefb7e314ab1ea24f69863a555959420d54da9a.jpg,"<div class=""title-boxart"" style=""background-image:url(https://occ-0-1361-1007.1.nflxso.net/art/fcc5b/46003f5c67136134ced6adbf3f21f9ca8b8fcc5b.jpg);""></div>",/title/70086000,"<p class=""watch-page-link"" data-href=""/title/70086000""><span class=""watch-page-link-title"" data-href=""/title/70086000"">Gallipoli</span><span class=""watch-page-link-availability""><span class=""watch-page-link-year"">2006</span><span class=""watch-page-link-maturity"">NR</span><span class=""watch-page-link-duration"">118m</span></span></p>"
15,/title/80126599,Leyla and Mecnun,"Destiny brings Mecnun and Leyla together as newborns, and again years later. Despite unexpected turns in Mecnun's zany life, Leyla remains a constant.",TV-PG,3 Seasons,2011,"CreatorsOnur Ünlü, DirectorsOnur Ünlü, CastAli AtayMelis BirkanSerkan KeskinAhmet Mümtaz TaylanCengiz BozkurtOsman SonantKöksal EngürEge Tanmanİştar Gökseven","Onur Ünlü, Onur Ünlü, Ali Atay, Melis Birkan, Serkan Keskin, Ahmet Mümtaz Taylan, Cengiz Bozkurt, Osman Sonant, Köksal Engür, Ege Tanman, İştar Gökseven","[u'TV Shows', u'International TV Shows', u'Romantic TV Shows', u'TV Comedies', u'Goofy', u'Absurd', u'Romantic']",https://occ-0-1361-1007.1.nflxso.net/art/9d2fd/29abfa7b0eea803b5f4884934db542d03f59d2fd.jpg,"<div class=""title-boxart"" style=""background-image:url(https://occ-0-1361-1007.1.nflxso.net/art/b5e74/196ab3d0548bd9b2a011c8dbb3add9d5631b5e74.jpg);""></div>",/title/80126599,"<p class=""watch-page-link"" data-href=""/title/80126599""><span class=""watch-page-link-title"" data-href=""/title/80126599"">Leyla and Mecnun</span><span class=""watch-page-link-availability""><span class=""watch-page-link-year"">2011</span><span class=""watch-page-link-maturity"">TV-PG</span><span class=""watch-page-link-duration"">3 Seasons</span></span></p>"
16,/title/70300496,The End,"A woman's quest to learn the truth about her missing husband leads her into a web of family secrets, devious schemes and international intrigue.",TV-14,1 Season,2012,CastYiğit ÖzşenerNehir ErdoğanErkan CanBerrak TüzünataçEngin Altan Düzyatan,"Yiğit Özşener, Nehir Erdoğan, Erkan Can, Berrak Tüzünataç, Engin Altan Düzyatan","[u'TV Shows', u'International TV Shows', u'TV Dramas', u'TV Mysteries']",https://occ-0-1361-1007.1.nflxso.net/art/3c47a/89b3c367fcfe4d302c6984032a8453ea9633c47a.jpg,"<div class=""title-boxart"" style=""background-image:url(https://occ-0-1361-1007.1.nflxso.net/art/a77f9/1b0584146383a2d6c143af11ef25cbc6490a77f9.jpg);""></div>",/title/70300496,"<p class=""watch-page-link"" data-href=""/title/70300496""><span class=""watch-page-link-title"" data-href=""/title/70300496"">The End</span><span class=""watch-page-link-availability""><span class=""watch-page-link-year"">2012</span><span class=""watch-page-link-maturity"">TV-14</span><span class=""watch-page-link-duration"">1 Season</span></span></p>"
17,/title/80121845,Love Is in the Air,"Toprak, who lost her baby, is hired as a wet nurse for wealthy Yusuf's motherless son. Yusuf is drawn to Toprak, but also to her scheming sister.",TV-PG,1 Season,2010,CastMurat ÜnalmışBirce AkalaySelen SoyderErman OkayKanbolat Gorkem ArslanLevent YilmazAysegül GünaySelma KutluğUlvi Alacakaptanİpek ErdemYilmaz CalayirIsil Yücesoy,"Murat Ünalmış, Birce Akalay, Selen Soyder, Erman Okay, Kanbolat Gorkem Arslan, Levent Yilmaz, Aysegül Günay, Selma Kutluğ, Ulvi Alacakaptan, İpek Erdem, Yilmaz Calayir, Isil Yücesoy","[u'TV Shows', u'International TV Shows', u'TV Dramas', u'Emotional']",https://occ-0-1361-1007.1.nflxso.net/art/d36f9/546e81670b428a94f2778a034552e562de5d36f9.jpg,"<div class=""title-boxart"" style=""background-image:url(https://occ-0-1361-1007.1.nflxso.net/art/8abd6/7162ce6a5cf21e9a0383d7ed91ccf3a41d58abd6.jpg);""></div>",/title/80121845,"<p class=""watch-page-link"" data-href=""/title/80121845""><span class=""watch-page-link-title"" data-href=""/title/80121845"">Love Is in the Air</span><span class=""watch-page-link-availability""><span class=""watch-page-link-year"">2010</span><span class=""watch-page-link-maturity"">TV-PG</span><span class=""watch-page-link-duration"">1 Season</span></span></p>"
18,/title/80077862,Baskin,A group of tough Turkish lawmen answer a call from a remote town and stumble into a gory Black Mass that appears to be occurring literally in Hell.,NR,96m,2015,"DirectorsCan Evrenol, CastGörkem KasalErgun KuyucuMuharrem BayrakFatih DokgözSabahattin YakutMehmet Cerrahoglu","Can Evrenol, Görkem Kasal, Ergun Kuyucu, Muharrem Bayrak, Fatih Dokgöz, Sabahattin Yakut, Mehmet Cerrahoglu","[u'Horror Movies', u'International Movies', u'Middle Eastern Movies', u'Violent']",https://occ-0-1361-1007.1.nflxso.net/art/0caf0/44fb6d65b176b9886bbaeb2c3d18353a3c40caf0.jpg,"<div class=""title-boxart"" style=""background-image:url(https://occ-0-1361-1007.1.nflxso.net/art/14f41/568cda832cfef334e393c3be1458666015714f41.jpg);""></div>",/title/80077862,"<p class=""watch-page-link"" data-href=""/title/80077862""><span class=""watch-page-link-title"" data-href=""/title/80077862"">Baskin</span><span class=""watch-page-link-availability""><span class=""watch-page-link-year"">2015</span><span class=""watch-page-link-maturity"">NR</span><span class=""watch-page-link-duration"">96m</span></span></p>"
19,/title/80134519,Sadece Sen,"An ex-boxer falls in love with a blind woman and starts to build a new life, but his violent past returns to endanger them both.",TV-MA,105m,2014,"DirectorsHakan Yonat, CastBelçim Bilginİbrahim ÇelikkolKerem CanNecmi YapıcıLevent SülünBarış ArduçErol GedikCezmi Baskın","Hakan Yonat, Belçim Bilgin, İbrahim Çelikkol, Kerem Can, Necmi Yapıcı, Levent Sülün, Barış Arduç, Erol Gedik, Cezmi Baskın","[u'Dramas', u'International Dramas', u'Sports Dramas', u'Romantic Dramas', u'International Movies', u'Middle Eastern Movies', u'Romantic Movies', u'Sports Movies', u'Boxing Movies', u'Emotional', u'Romantic', u'Violent']",https://occ-0-1361-1007.1.nflxso.net/art/022ac/7b298ebe476f596c3eeac1a1596a5d2ae3d022ac.jpg,"<div class=""title-boxart"" style=""background-image:url(https://occ-0-1361-1007.1.nflxso.net/art/b71c8/1d63d2bf9ffdeffa94cf1ca36cb9d227ba1b71c8.jpg);""></div>",/title/80134519,"<p class=""watch-page-link"" data-href=""/title/80134519""><span class=""watch-page-link-title"" data-href=""/title/80134519"">Sadece Sen</span><span class=""watch-page-link-availability""><span class=""watch-page-link-year"">2014</span><span class=""watch-page-link-maturity"">TV-MA</span><span class=""watch-page-link-duration"">105m</span></span></p>"
20,/title/80126877,Filinta,"In 19th-century Istanbul, a young police officer investigates crimes and falls in love with the daughter of a wealthy merchant conspiring against him.",TV-14,2 Seasons,2014,CastOnur TunaSerhat TutumluerMehmet ÖzgürNaz ElmasKayra ŞenocakKamil GülerCeyhun ErginBurcu ÇobanUmut KırcalıSencer Serta,"Onur Tuna, Serhat Tutumluer, Mehmet Özgür, Naz Elmas, Kayra Şenocak, Kamil Güler, Ceyhun Ergin, Burcu Çoban, Umut Kırcalı, Sencer Serta","[u'TV Shows', u'Crime TV Shows', u'International TV Shows', u'TV Action & Adventure', u'TV Dramas', u'Crime TV Dramas', u'Period Pieces', u'Exciting', u'Suspenseful']",https://occ-0-1361-1007.1.nflxso.net/art/133bd/d18b706a4b66ecbe3ccf055abf92cedfa8a133bd.jpg,"<div class=""title-boxart"" style=""background-image:url(https://occ-0-1361-1007.1.nflxso.net/art/c1c0d/aed2a527043f66cc5f6f031b00507ad5a6fc1c0d.jpg);""></div>",/title/80126877,"<p class=""watch-page-link"" data-href=""/title/80126877""><span class=""watch-page-link-title"" data-href=""/title/80126877"">Filinta</span><span class=""watch-page-link-availability""><span class=""watch-page-link-year"">2014</span><span class=""watch-page-link-maturity"">TV-14</span><span class=""watch-page-link-duration"">2 Seasons</span></span></p>"
21,/title/80155812,Clair Obscur,"While examining a young woman who has just murdered her husband and mother-in-law, a psychiatrist begins to reflect on her own marriage.",TV-MA,102m,2016,"DirectorsYesim Ustaoglu, CastFunda EryiğitEcem UzunMehmet KurtulusOkan YalabikSerkan KeskinSema Poyraz","Yesim Ustaoglu, Funda Eryiğit, Ecem Uzun, Mehmet Kurtulus, Okan Yalabik, Serkan Keskin, Sema Poyraz","[u'Dramas', u'International Dramas', u'International Movies', u'Middle Eastern Movies', u'Dark']",https://occ-0-1361-1007.1.nflxso.net/art/fc2e4/e6f92efcbc4a5281ca730a7837bc9b6d3defc2e4.jpg,"<div class=""title-boxart"" style=""background-image:url(https://occ-0-1361-1007.1.nflxso.net/art/a8033/a326cb16803b1dd5c78d91c0bb0bd851998a8033.jpg);""></div>",/title/80155812,"<p class=""watch-page-link"" data-href=""/title/80155812""><span class=""watch-page-link-title"" data-href=""/title/80155812"">Clair Obscur</span><span class=""watch-page-link-availability""><span class=""watch-page-link-year"">2016</span><span class=""watch-page-link-maturity"">TV-MA</span><span class=""watch-page-link-duration"">102m</span></span></p>"
22,/title/80158301,46,"A genetics professor experiments with a treatment for his comatose sister that blends medical and shamanic cures, but unlocks a shocking side effect.",TV-14,1 Season,2016,"DirectorsSerdar Akar, CastErdal BeşikçioğluYasemin AllenMelis BirkanSaygın SoysalBerkan ŞalMetin BelginAyça ErenSelin UludoğanÖzay FechtSuna Yıldızoğlu","Serdar Akar, Erdal Beşikçioğlu, Yasemin Allen, Melis Birkan, Saygın Soysal, Berkan Şal, Metin Belgin, Ayça Eren, Selin Uludoğan, Özay Fecht, Suna Yıldızoğlu","[u'TV Shows', u'International TV Shows', u'TV Dramas', u'TV Mysteries', u'Suspenseful']",https://occ-0-1361-1007.1.nflxso.net/art/351f3/a3bfabb531c397ebe48d4224ccc6fa855b2351f3.jpg,"<div class=""title-boxart"" style=""background-image:url(https://occ-0-1361-1007.1.nflxso.net/art/60046/1d23063984ed7942b90d6cc321e07a075bb60046.jpg);""></div>",/title/80158301,"<p class=""watch-page-link"" data-href=""/title/80158301""><span class=""watch-page-link-title"" data-href=""/title/80158301"">46</span><span class=""watch-page-link-availability""><span class=""watch-page-link-year"">2016</span><span class=""watch-page-link-maturity"">TV-14</span><span class=""watch-page-link-duration"">1 Season</span></span></p>"
23,/title/80126991,Yunus Emre,"During the Mongol invasions, Yunus Emre leaves his home to travel across the Ottoman Empire, defying hardships and temptations to become a dervish.",TV-PG,2 Seasons,2015,CastGökhan AtalayPayidar TüfekçiogluBaran AkbulutMehmet ÇepiçSeda TosunMehmet Ali TuncerAsuman ÇakırMüge UyarRüzgar AksoyErgun TaşSedat ErdişAhmet TalayUmut TanyoluMurat ErcanlıBirand TuncaAtilla KiliçSaygin AsanEmrah Girgin,"Gökhan Atalay, Payidar Tüfekçioglu, Baran Akbulut, Mehmet Çepiç, Seda Tosun, Mehmet Ali Tuncer, Asuman Çakır, Müge Uyar, Rüzgar Aksoy, Ergun Taş, Sedat Erdiş, Ahmet Talay, Umut Tanyolu, Murat Ercanlı, Birand Tunca, Atilla Kiliç, Saygin Asan, Emrah Girgin","[u'TV Shows', u'International TV Shows', u'TV Dramas', u'Period Pieces', u'Faith & Spirituality']",https://occ-0-1361-1007.1.nflxso.net/art/717af/d3c7cc975f6fe479e38b4f4af190b035158717af.jpg,"<div class=""title-boxart"" style=""background-image:url(https://occ-0-1361-1007.1.nflxso.net/art/625f4/346e86c43227095e8c4266da35fd84ad6db625f4.jpg);""></div>",/title/80126991,"<p class=""watch-page-link"" data-href=""/title/80126991""><span class=""watch-page-link-title"" data-href=""/title/80126991"">Yunus Emre</span><span class=""watch-page-link-availability""><span class=""watch-page-link-year"">2015</span><span class=""watch-page-link-maturity"">TV-PG</span><span class=""watch-page-link-duration"">2 Seasons</span></span></p>"
24,/title/80037177,Can't Run From Love,"When his little brother runs away, a young man returns home to face his father -- a criminal mastermind who has a dark path mapped out for him.",TV-14,1 Season,2014,CastBerk OktayPelin AkilCeren HindistanÇağdaş Onur ÖztürkAdnan KoçUmut KaradağSeray GözlerAyten SoykökNilay Cafer,"Berk Oktay, Pelin Akil, Ceren Hindistan, Çağdaş Onur Öztürk, Adnan Koç, Umut Karadağ, Seray Gözler, Ayten Soykök, Nilay Cafer","[u'TV Shows', u'Crime TV Shows', u'International TV Shows', u'Romantic TV Shows', u'TV Dramas', u'Crime TV Dramas', u'Romantic']",https://occ-0-1361-1007.1.nflxso.net/art/9c24f/0abc79c43919a10a8e5209525eba09fe8a49c24f.jpg,"<div class=""title-boxart"" style=""background-image:url(https://occ-0-1361-1007.1.nflxso.net/art/2d9dd/3fecc9697f9cec753db35367d9e68fc4bed2d9dd.jpg);""></div>",/title/80037177,"<p class=""watch-page-link"" data-href=""/title/80037177""><span class=""watch-page-link-title"" data-href=""/title/80037177"">Can't Run From Love</span><span class=""watch-page-link-availability""><span class=""watch-page-link-year"">2014</span><span class=""watch-page-link-maturity"">TV-14</span><span class=""watch-page-link-duration"">1 Season</span></span></p>"
25,/title/70127590,I Saw the Sun,"A 25-year war forces members of a Kurdish family to abandon their ancestral village in Southeast Turkey and relocate to bustling, modern-day Istanbul.",NR,116m,2009,"DirectorsMahsun Kırmızıgül, CastMahsun KırmızıgülAltan ErkekliDemet EvgarMurat ÜnalmışCemal ToktaşErol DemirözMenderes SamancılarŞerif SezerCeyhun FersoyEmre Kınay","Mahsun Kırmızıgül, Mahsun Kırmızıgül, Altan Erkekli, Demet Evgar, Murat Ünalmış, Cemal Toktaş, Erol Demiröz, Menderes Samancılar, Şerif Sezer, Ceyhun Fersoy, Emre Kınay","[u'Dramas', u'International Dramas', u'Military Dramas', u'Political Dramas', u'Social Issue Dramas', u'International Movies', u'Middle Eastern Movies', u'World Music Concerts', u'Emotional']",https://occ-0-1361-1007.1.nflxso.net/art/d2002/c82bf9bb6ac73f24abec060434a222afff1d2002.jpg,"<div class=""title-boxart"" style=""background-image:url(https://occ-0-1361-1007.1.nflxso.net/art/be862/6790e089b5d08027d9b21c295a1fdb3e116be862.jpg);""></div>",/title/70127590,"<p class=""watch-page-link"" data-href=""/title/70127590""><span class=""watch-page-link-title"" data-href=""/title/70127590"">I Saw the Sun</span><span class=""watch-page-link-availability""><span class=""watch-page-link-year"">2009</span><span class=""watch-page-link-maturity"">NR</span><span class=""watch-page-link-duration"">116m</span></span></p>"
26,/title/80134522,Labyrinth,"After a massive Istanbul explosion, an elite band of Turkish intelligence officers dog a new terrorist group, often at odds with the U.S. and Britain.",TV-MA,118m,2011,"DirectorsTolga Örnek, CastTimuçin EsenMeltem CumbulSarp AkkayaRıza KocaoğluOzan BilenUmut Kurt","Tolga Örnek, Timuçin Esen, Meltem Cumbul, Sarp Akkaya, Rıza Kocaoğlu, Ozan Bilen, Umut Kurt","[u'Action & Adventure', u'International Action & Adventure', u'Action Thrillers', u'Spy Action & Adventure', u'International Movies', u'Middle Eastern Movies']",https://occ-0-1361-1007.1.nflxso.net/art/45fca/ef893cb63bc68d1ee734b8b801e8f51f9bb45fca.jpg,"<div class=""title-boxart"" style=""background-image:url(https://occ-0-1361-1007.1.nflxso.net/art/8c551/4dd44349244da8a17d21bb0966dc86310fd8c551.jpg);""></div>",/title/80134522,"<p class=""watch-page-link"" data-href=""/title/80134522""><span class=""watch-page-link-title"" data-href=""/title/80134522"">Labyrinth</span><span class=""watch-page-link-availability""><span class=""watch-page-link-year"">2011</span><span class=""watch-page-link-maturity"">TV-MA</span><span class=""watch-page-link-duration"">118m</span></span></p>"
27,/title/80104205,Limon and Oli,"Though different as night and day, best friends Limon and Oli stick together, learning and growing through many adventures and tricky situations.",TV-Y,1 Season,2013,CreatorsSalih Memecan,Salih Memecan,"[u'TV Shows', u""Kids' TV"", u""Kids' TV for ages 3 to 4"", u""Kids' TV for ages 5 to 7"", u'TV Cartoons', u'Imaginative']",https://occ-0-1361-1007.1.nflxso.net/art/daa9e/b0a683ebefded26413f29ff0497b7a2be1ddaa9e.jpg,"<div class=""title-boxart"" style=""background-image:url(https://occ-0-1361-1007.1.nflxso.net/art/19fbf/2184a7e6fa8fdb189af6542907801b960fa19fbf.jpg);""></div>",/title/80104205,"<p class=""watch-page-link"" data-href=""/title/80104205""><span class=""watch-page-link-title"" data-href=""/title/80104205"">Limon and Oli</span><span class=""watch-page-link-availability""><span class=""watch-page-link-year"">2013</span><span class=""watch-page-link-maturity"">TV-Y</span><span class=""watch-page-link-duration"">1 Season</span></span></p>"
28,/title/80038526,Recep İvedik 2,"When his grandmother takes ill, foolish brute Recep tries to satisfy her wishes by getting a job and attempting to find a suitable wife.",NR,109m,2009,"DirectorsTogan Gökbakar, CastŞahan GökbakarGülsen ÖzbakanEfe BabacanÇağrı BüyüksayarZeynep ÇamcıAsiye DinçsoyAyfer ÇalgıcıEmre Koç","Togan Gökbakar, Şahan Gökbakar, Gülsen Özbakan, Efe Babacan, Çağrı Büyüksayar, Zeynep Çamcı, Asiye Dinçsoy, Ayfer Çalgıcı, Emre Koç","[u'Comedies', u'International Comedies', u'International Movies', u'Middle Eastern Movies', u'Goofy', u'Absurd']",https://occ-0-1361-1007.1.nflxso.net/art/38a80/240699241e00ce945837586aa7e3ef4353138a80.jpg,"<div class=""title-boxart"" style=""background-image:url(https://occ-0-1361-1007.1.nflxso.net/art/15574/394417e8882a78e9a9bd11db31c40b4071515574.jpg);""></div>",/title/80038526,"<p class=""watch-page-link"" data-href=""/title/80038526""><span class=""watch-page-link-title"" data-href=""/title/80038526"">Recep İvedik 2</span><span class=""watch-page-link-availability""><span class=""watch-page-link-year"">2009</span><span class=""watch-page-link-maturity"">NR</span><span class=""watch-page-link-duration"">109m</span></span></p>"
29,/title/80134514,Kocan Kadar Konus,A 30-year-old who's never taken the traditional path to love is tutored by her friends and family before reconnecting with her high school crush.,TV-14,103m,2015,"DirectorsKıvanç Baruönü, CastEzgi MolaMurat YıldırımGülenay KalkanEbru CündübeyoğluEda EceBegüm ÖnerGül ArıcıMuhammet Uzuner","Kıvanç Baruönü, Ezgi Mola, Murat Yıldırım, Gülenay Kalkan, Ebru Cündübeyoğlu, Eda Ece, Begüm Öner, Gül Arıcı, Muhammet Uzuner","[u'Comedies', u'International Comedies', u'Romantic Comedies', u'International Movies', u'Middle Eastern Movies', u'Romantic Movies', u'Goofy', u'Romantic']",https://occ-0-1361-1007.1.nflxso.net/art/02c06/4f96c0b4ad063a98847ea7f5ad00a6ded1802c06.jpg,"<div class=""title-boxart"" style=""background-image:url(https://occ-0-1361-1007.1.nflxso.net/art/ab947/2980927e15e0d984966570c402a83903dc4ab947.jpg);""></div>",/title/80134514,"<p class=""watch-page-link"" data-href=""/title/80134514""><span class=""watch-page-link-title"" data-href=""/title/80134514"">Kocan Kadar Konus</span><span class=""watch-page-link-availability""><span class=""watch-page-link-year"">2015</span><span class=""watch-page-link-maturity"">TV-14</span><span class=""watch-page-link-duration"">103m</span></span></p>"
30,/title/80134515,Bana Masal Anlatma,"Minibus driver Riza is a steady presence in his close-knit neighborhood, until he brings home a dreamy beauty and throws everything into chaos.",TV-14,103m,2015,"DirectorsBurak Aksak, CastHande DoğandemirFatih ArtmanDevrim YakutCengiz BozkurtErdal TosunBerat YenilmezErcan YazganSadi Celil CengizCihan ErcanBurcu BiricikTarık ÜnlüoğluGürkan UygunGökçe Bahadır","Burak Aksak, Hande Doğandemir, Fatih Artman, Devrim Yakut, Cengiz Bozkurt, Erdal Tosun, Berat Yenilmez, Ercan Yazgan, Sadi Celil Cengiz, Cihan Ercan, Burcu Biricik, Tarık Ünlüoğlu, Gürkan Uygun, Gökçe Bahadır","[u'Comedies', u'International Comedies', u'Romantic Comedies', u'International Movies', u'Middle Eastern Movies', u'Romantic Movies', u'Sci-Fi & Fantasy', u'International Sci-Fi & Fantasy', u'Fantasy Movies', u'Goofy', u'Romantic']",https://occ-0-1361-1007.1.nflxso.net/art/52300/80cd7308e2a2789052ef4e0d7ce33fe11ef52300.jpg,"<div class=""title-boxart"" style=""background-image:url(https://occ-0-1361-1007.1.nflxso.net/art/445cc/b410c1ac1dc6ec5ba2bd6e67401643577df445cc.jpg);""></div>",/title/80134515,"<p class=""watch-page-link"" data-href=""/title/80134515""><span class=""watch-page-link-title"" data-href=""/title/80134515"">Bana Masal Anlatma</span><span class=""watch-page-link-availability""><span class=""watch-page-link-year"">2015</span><span class=""watch-page-link-maturity"">TV-14</span><span class=""watch-page-link-duration"">103m</span></span></p>"
31,/title/80134436,Kara Bela,The uneventful life of middle-aged Kudret turns upside down when a road trip turns into a wild race for survival with killers in hot pursuit.,TV-14,100m,2015,"DirectorsBurak Aksak, CastCengiz BozkurtSeda BakanErkan Kolçak KöstendilCihan ErcanBerat Yenilmezİştar GöksevenErdal TosunTarık Ünlüoğlu","Burak Aksak, Cengiz Bozkurt, Seda Bakan, Erkan Kolçak Köstendil, Cihan Ercan, Berat Yenilmez, İştar Gökseven, Erdal Tosun, Tarık Ünlüoğlu","[u'Comedies', u'International Comedies', u'International Movies', u'Middle Eastern Movies', u'Goofy', u'Absurd']",https://occ-0-1361-1007.1.nflxso.net/art/2763e/70448aaeb94c983173683be0e454aac65682763e.jpg,"<div class=""title-boxart"" style=""background-image:url(https://occ-0-1361-1007.1.nflxso.net/art/6c194/121222bd7c28ad8a89cafd727074ad584b66c194.jpg);""></div>",/title/80134436,"<p class=""watch-page-link"" data-href=""/title/80134436""><span class=""watch-page-link-title"" data-href=""/title/80134436"">Kara Bela</span><span class=""watch-page-link-availability""><span class=""watch-page-link-year"">2015</span><span class=""watch-page-link-maturity"">TV-14</span><span class=""watch-page-link-duration"">100m</span></span></p>"
32,/title/80038444,Recep Ivedik 3,"After his grandmother dies, Recep is inconsolable until a distantly related girl who needs a home moves in with him and changes his life.",NR,93m,2010,"DirectorsTogan Gökbakar, CastŞahan GökbakarZeynep ÇamcıSevim YatlılarOktay DenerÖzcan AlişerMehmet YumurtacıAyhan IşıkBekir Tosun","Togan Gökbakar, Şahan Gökbakar, Zeynep Çamcı, Sevim Yatlılar, Oktay Dener, Özcan Alişer, Mehmet Yumurtacı, Ayhan Işık, Bekir Tosun","[u'Comedies', u'International Comedies', u'International Movies', u'Middle Eastern Movies', u'Goofy', u'Irreverent']",https://occ-0-1361-1007.1.nflxso.net/art/b89d4/87ae9be585676a60c4bcdcf3ff5f78772f6b89d4.jpg,"<div class=""title-boxart"" style=""background-image:url(https://occ-0-1361-1007.1.nflxso.net/art/e7e41/6ae814c6a79cf07782b066e89998e6d40eae7e41.jpg);""></div>",/title/80038444,"<p class=""watch-page-link"" data-href=""/title/80038444""><span class=""watch-page-link-title"" data-href=""/title/80038444"">Recep Ivedik 3</span><span class=""watch-page-link-availability""><span class=""watch-page-link-year"">2010</span><span class=""watch-page-link-maturity"">NR</span><span class=""watch-page-link-duration"">93m</span></span></p>"
33,/title/80134518,Dedemin Fisi,"When a brain-dead family patriarch is about to be taken off life support, his extended family gathers round and plots to see who'll get his money.",TV-14,100m,2016,"DirectorsMeltem Bozoflu, CastOnur BulduAlper KulErdem YenerOnur AtillaÖzge BorakDoğa RutkayMeltem Yılmazkayaİrem Sak","Meltem Bozoflu, Onur Buldu, Alper Kul, Erdem Yener, Onur Atilla, Özge Borak, Doğa Rutkay, Meltem Yılmazkaya, İrem Sak","[u'Comedies', u'International Comedies', u'International Movies', u'Middle Eastern Movies', u'Goofy']",https://occ-0-1361-1007.1.nflxso.net/art/ca413/9e9851be88abea10f33cecb9acf7684c178ca413.jpg,"<div class=""title-boxart"" style=""background-image:url(https://occ-0-1361-1007.1.nflxso.net/art/e7321/c401d9f84431cf809cbb1605eb9ed35f656e7321.jpg);""></div>",/title/80134518,"<p class=""watch-page-link"" data-href=""/title/80134518""><span class=""watch-page-link-title"" data-href=""/title/80134518"">Dedemin Fisi</span><span class=""watch-page-link-availability""><span class=""watch-page-link-year"">2016</span><span class=""watch-page-link-maturity"">TV-14</span><span class=""watch-page-link-duration"">100m</span></span></p>"
34,/title/80134330,Deliha,"Short on sense but long on self-confidence, dotty Deliha sets her sights on a hunky photographer who opens up shop in her neighborhood.",TV-14,102m,2014,"DirectorsHakan Algül, CastGupse ÖzayBarış ArduçCihan Ercan","Hakan Algül, Gupse Özay, Barış Arduç, Cihan Ercan","[u'Comedies', u'International Comedies', u'Romantic Comedies', u'International Movies', u'Middle Eastern Movies', u'Romantic Movies', u'Quirky Romance', u'Goofy', u'Quirky', u'Romantic']",https://occ-0-1361-1007.1.nflxso.net/art/7bdf6/8ddd2050505b5fd280a3af7f9c9f36a74b37bdf6.jpg,"<div class=""title-boxart"" style=""background-image:url(https://occ-0-1361-1007.1.nflxso.net/art/57890/232c8fafa2c0044245e10d61678b488e7c357890.jpg);""></div>",/title/80134330,"<p class=""watch-page-link"" data-href=""/title/80134330""><span class=""watch-page-link-title"" data-href=""/title/80134330"">Deliha</span><span class=""watch-page-link-availability""><span class=""watch-page-link-year"">2014</span><span class=""watch-page-link-maturity"">TV-14</span><span class=""watch-page-link-duration"">102m</span></span></p>"
35,/title/80134501,Niyazi Gül Dörtnala,"Seeking the formula behind a magical elixir bequeathed to him by his father, a veterinary professor gets embroiled in a mobster's horse-racing scheme.",TV-14,101m,2015,"DirectorsHakan Algül, CastAta DemirerDemet AkbağŞebnem BozokluLevent Ülgen","Hakan Algül, Ata Demirer, Demet Akbağ, Şebnem Bozoklu, Levent Ülgen","[u'Comedies', u'International Comedies', u'Gangster Movies', u'International Movies', u'Middle Eastern Movies', u'Goofy', u'Absurd']",https://occ-0-1361-1007.1.nflxso.net/art/6d93d/66e9c5f3f6b207b02fcf97af72fcfcfa5b16d93d.jpg,"<div class=""title-boxart"" style=""background-image:url(https://occ-0-1361-1007.1.nflxso.net/art/d234a/071e721d2731510e6163f6494ebacbcd836d234a.jpg);""></div>",/title/80134501,"<p class=""watch-page-link"" data-href=""/title/80134501""><span class=""watch-page-link-title"" data-href=""/title/80134501"">Niyazi Gül Dörtnala</span><span class=""watch-page-link-availability""><span class=""watch-page-link-year"">2015</span><span class=""watch-page-link-maturity"">TV-14</span><span class=""watch-page-link-duration"">101m</span></span></p>"
36,/title/80038440,G.O.R.A,"Carpet dealer and UFO photo forger Arif is abducted by aliens. On the planet Gora, he helps friends escape from a meteorite strike and find freedom.",TV-MA,123m,2004,"DirectorsÖmer Faruk Sorak, CastCem YılmazRasim ÖztekinÖzkan Uğurİdil FıratŞafak SezerÖzge ÖzberkErdal TosunCezmi BaskınOzan GüvenEngin Günaydın","Ömer Faruk Sorak, Cem Yılmaz, Rasim Öztekin, Özkan Uğur, İdil Fırat, Şafak Sezer, Özge Özberk, Erdal Tosun, Cezmi Baskın, Ozan Güven, Engin Günaydın","[u'Action & Adventure', u'International Action & Adventure', u'Adventures', u'Comedies', u'International Comedies', u'International Movies', u'Middle Eastern Movies', u'Sci-Fi & Fantasy', u'International Sci-Fi & Fantasy', u'Alien Sci-Fi', u'Sci-Fi Adventure', u'Goofy']",https://occ-0-1361-1007.1.nflxso.net/art/476c5/0965eb59010d811bf1d2b8e2ce0af8f2b9d476c5.jpg,"<div class=""title-boxart"" style=""background-image:url(https://occ-0-1361-1007.1.nflxso.net/art/2cd06/f161f35ac8ed967e67616ff595aae99215b2cd06.jpg);""></div>",/title/80038440,"<p class=""watch-page-link"" data-href=""/title/80038440""><span class=""watch-page-link-title"" data-href=""/title/80038440"">G.O.R.A</span><span class=""watch-page-link-availability""><span class=""watch-page-link-year"">2004</span><span class=""watch-page-link-maturity"">TV-MA</span><span class=""watch-page-link-duration"">123m</span></span></p>"
37,/title/80134419,Recep Ivedik 4,"When the lot where he coaches youth soccer is sold off, the oafish Recep enters a reality TV competition to raise money and buy back the land.",TV-14,112m,2014,"DirectorsTogan Gökbakar, CastŞahan GökbakarAdem AtbasGülüm BaltacıgilBarış BulutBaran ErdoğanMurat ErgürArda HacıoğluEce İncebayİrfan KangıAziz Karakaya","Togan Gökbakar, Şahan Gökbakar, Adem Atbas, Gülüm Baltacıgil, Barış Bulut, Baran Erdoğan, Murat Ergür, Arda Hacıoğlu, Ece İncebay, İrfan Kangı, Aziz Karakaya","[u'Comedies', u'International Comedies', u'Sports Comedies', u'International Movies', u'Middle Eastern Movies', u'Sports Movies', u'Soccer Movies', u'Goofy']",https://occ-0-1361-1007.1.nflxso.net/art/779ce/856cb1e6cc5c5b61f838227e68da6f8a234779ce.jpg,"<div class=""title-boxart"" style=""background-image:url(https://occ-0-1361-1007.1.nflxso.net/art/f8ce1/a9663c89b82bd0438a7c7dc3f747063ce76f8ce1.jpg);""></div>",/title/80134419,"<p class=""watch-page-link"" data-href=""/title/80134419""><span class=""watch-page-link-title"" data-href=""/title/80134419"">Recep Ivedik 4</span><span class=""watch-page-link-availability""><span class=""watch-page-link-year"">2014</span><span class=""watch-page-link-maturity"">TV-14</span><span class=""watch-page-link-duration"">112m</span></span></p>"
38,/title/80134602,Içimdeki Ses,"Insecure writer Selim finds a chance at happiness with Aysil, the girl of his dreams, but his live-in mother is keeping a watchful eye on her son.",TV-14,93m,2015,"DirectorsÇağrı Bayrak, CastEngin GünaydınLeyla Lydia TuğutluFüsun DemirelErsin KorkutHamdi KahramanOnur BulduAhmet KayimtuNazlı Tosunoğlu","Çağrı Bayrak, Engin Günaydın, Leyla Lydia Tuğutlu, Füsun Demirel, Ersin Korkut, Hamdi Kahraman, Onur Buldu, Ahmet Kayimtu, Nazlı Tosunoğlu","[u'Comedies', u'International Comedies', u'Romantic Comedies', u'International Movies', u'Middle Eastern Movies', u'World Music Concerts', u'Romantic Movies', u'Romantic']",https://occ-0-1361-1007.1.nflxso.net/art/f35f3/16281ecdbe1af29365af71f068ff6ebd7a3f35f3.jpg,"<div class=""title-boxart"" style=""background-image:url(https://occ-0-1361-1007.1.nflxso.net/art/da073/92c9481de0b12efcc038f01ad1e1d95f120da073.jpg);""></div>",/title/80134602,"<p class=""watch-page-link"" data-href=""/title/80134602""><span class=""watch-page-link-title"" data-href=""/title/80134602"">Içimdeki Ses</span><span class=""watch-page-link-availability""><span class=""watch-page-link-year"">2015</span><span class=""watch-page-link-maturity"">TV-14</span><span class=""watch-page-link-duration"">93m</span></span></p>"
39,/title/80134516,Çarsi Pazar,The slacker owner of a public bath house rallies his community to save it when a big developer comes to town to close it down and open a new mall.,TV-14,97m,2015,"DirectorsMuharrem Gülmez, CastErdem YenerAyhan TaşEmin OlcayMuharrem GülmezElif Nur KerkükTarık PapuççuoğluSuzan AksoyDoğa KonakoğluEsin EdenDeniz Özerman","Muharrem Gülmez, Erdem Yener, Ayhan Taş, Emin Olcay, Muharrem Gülmez, Elif Nur Kerkük, Tarık Papuççuoğlu, Suzan Aksoy, Doğa Konakoğlu, Esin Eden, Deniz Özerman","[u'Comedies', u'International Comedies', u'International Movies', u'Middle Eastern Movies', u'Goofy']",https://occ-0-1361-1007.1.nflxso.net/art/d7c30/77dd0575f588de03fdb975ea15fb0229359d7c30.jpg,"<div class=""title-boxart"" style=""background-image:url(https://occ-0-1361-1007.1.nflxso.net/art/0a57a/9798cf0636b2761c96b9a7acf20d2680f840a57a.jpg);""></div>",/title/80134516,"<p class=""watch-page-link"" data-href=""/title/80134516""><span class=""watch-page-link-title"" data-href=""/title/80134516"">Çarsi Pazar</span><span class=""watch-page-link-availability""><span class=""watch-page-link-year"">2015</span><span class=""watch-page-link-maturity"">TV-14</span><span class=""watch-page-link-duration"">97m</span></span></p>"
40,/title/80134420,Mucize,"Sent away from his family to a remote mountain town, teacher Mahir helps the villagers build a school -- and inspires a path to hope for them all.",TV-14,136m,2015,"DirectorsMahsun Kırmızıgül, CastTalat BulutMert TurakMahsun KırmızıgülErdem YenerErol DemirözAli SürmeliMeral ÇetinkayaBüşra Pekin","Mahsun Kırmızıgül, Talat Bulut, Mert Turak, Mahsun Kırmızıgül, Erdem Yener, Erol Demiröz, Ali Sürmeli, Meral Çetinkaya, Büşra Pekin","[u'Dramas', u'International Dramas', u'20th Century Period Pieces', u'International Movies', u'Middle Eastern Movies', u'Inspiring']",https://occ-0-1361-1007.1.nflxso.net/art/f0c68/ee014ea7034c1110706bf07a1a08a611f5bf0c68.jpg,"<div class=""title-boxart"" style=""background-image:url(https://occ-0-1361-1007.1.nflxso.net/art/fb691/f76e41cccd7a6908df2233aa2ff2d89c007fb691.jpg);""></div>",/title/80134420,"<p class=""watch-page-link"" data-href=""/title/80134420""><span class=""watch-page-link-title"" data-href=""/title/80134420"">Mucize</span><span class=""watch-page-link-availability""><span class=""watch-page-link-year"">2015</span><span class=""watch-page-link-maturity"">TV-14</span><span class=""watch-page-link-duration"">136m</span></span></p>"
41,/title/80038298,Dugun Dernek,"On the first day of Ramadan, Ismail joins friends on a road trip to a mosque and encounters his son, who, to Ismail's chagrin, plans a hasty wedding.",TV-PG,101m,2013,"DirectorSelçuk AydemirBirkan Pusa, CastAhmet KuralMurat CemcirRasim ÖztekinDevrim YakutBarış YıldızUlaş TorunZerrin SümerŞinasi Yurtsever","Selçuk Aydemir, Birkan Pusa, Ahmet Kural, Murat Cemcir, Rasim Öztekin, Devrim Yakut, Barış Yıldız, Ulaş Torun, Zerrin Sümer, Şinasi Yurtsever","[u'Comedies', u'International Comedies', u'International Movies', u'Middle Eastern Movies', u'Goofy']",https://occ-0-1361-1007.1.nflxso.net/art/342d0/c8ecd4925ec488d42a039d06693743e609e342d0.jpg,"<div class=""title-boxart"" style=""background-image:url(https://occ-0-1361-1007.1.nflxso.net/art/1db05/70b0211145a49ebaff3ae9f69664b8136661db05.jpg);""></div>",/title/80038298,"<p class=""watch-page-link"" data-href=""/title/80038298""><span class=""watch-page-link-title"" data-href=""/title/80038298"">Dugun Dernek</span><span class=""watch-page-link-availability""><span class=""watch-page-link-year"">2013</span><span class=""watch-page-link-maturity"">TV-PG</span><span class=""watch-page-link-duration"">101m</span></span></p>"
42,/title/80038439,Eyyvah Eyvah 3,"Life is tough for Hüseyin after marrying his true love. He works day and night to support his growing family, while singer Firuzan copes with fame.",TV-PG,102m,2014,"DirectorsHakan Algül, CastDemet AkbağAta DemirerÖzge BorakSalih KalyonTanju TuncelSerra YılmazTarık ÜnlüoğluAyşenil Şamlıoğlu","Hakan Algül, Demet Akbağ, Ata Demirer, Özge Borak, Salih Kalyon, Tanju Tuncel, Serra Yılmaz, Tarık Ünlüoğlu, Ayşenil Şamlıoğlu","[u'Comedies', u'International Comedies', u'Slapstick Comedies', u'International Movies', u'Middle Eastern Movies', u'Goofy']",https://occ-0-1361-1007.1.nflxso.net/art/54717/6b6e2506c8d3cd0f50790e5490397b2692854717.jpg,"<div class=""title-boxart"" style=""background-image:url(https://occ-0-1361-1007.1.nflxso.net/art/0be76/9f581453c8d14486af3ae7c2cd1a394d6a30be76.jpg);""></div>",/title/80038439,"<p class=""watch-page-link"" data-href=""/title/80038439""><span class=""watch-page-link-title"" data-href=""/title/80038439"">Eyyvah Eyvah 3</span><span class=""watch-page-link-availability""><span class=""watch-page-link-year"">2014</span><span class=""watch-page-link-maturity"">TV-PG</span><span class=""watch-page-link-duration"">102m</span></span></p>"
43,/title/80134433,Incir Receli 2,"Grief-stricken over the death of his true love, singer-songwriter Metin has given up on life, until he meets Gizem, who slowly reawakens his heart.",TV-14,103m,2014,"DirectorsAytaç Ağırlar, CastHalil Sezai ParacıkoğluŞafak PekdemirAhmet UzMehmet Selim AkgülSinan ÇalışkanoğluTuğba Sarıünal","Aytaç Ağırlar, Halil Sezai Paracıkoğlu, Şafak Pekdemir, Ahmet Uz, Mehmet Selim Akgül, Sinan Çalışkanoğlu, Tuğba Sarıünal","[u'Dramas', u'International Dramas', u'Romantic Dramas', u'International Movies', u'Middle Eastern Movies', u'Romantic Movies', u'Emotional', u'Romantic']",https://occ-0-1361-1007.1.nflxso.net/art/b5d86/cbb37fdf4eeef2c1910b1ceab506ef5f842b5d86.jpg,"<div class=""title-boxart"" style=""background-image:url(https://occ-0-1361-1007.1.nflxso.net/art/ed768/486dea98bbcdc4be6213dd51c4df7864b19ed768.jpg);""></div>",/title/80134433,"<p class=""watch-page-link"" data-href=""/title/80134433""><span class=""watch-page-link-title"" data-href=""/title/80134433"">Incir Receli 2</span><span class=""watch-page-link-availability""><span class=""watch-page-link-year"">2014</span><span class=""watch-page-link-maturity"">TV-14</span><span class=""watch-page-link-duration"">103m</span></span></p>"
44,/title/80134601,Celal and Ceren,"After a night of hard partying costs him Ceren, his long-term girlfriend, Celal sets out to win her heart all over again.",TV-MA,109m,2013,"DirectorsTogan Gökbakar, CastŞahan GökbakarEzgi MolaGökçen GökçebağDilşah DemirTimur KuntDestan Batmaz","Togan Gökbakar, Şahan Gökbakar, Ezgi Mola, Gökçen Gökçebağ, Dilşah Demir, Timur Kunt, Destan Batmaz","[u'Comedies', u'International Comedies', u'Romantic Comedies', u'International Movies', u'Middle Eastern Movies', u'Romantic Movies', u'Romantic']",https://occ-0-1361-1007.1.nflxso.net/art/6669f/8f334c0cf3c8ae559da6b452b5faf26fbbf6669f.jpg,"<div class=""title-boxart"" style=""background-image:url(https://occ-0-1361-1007.1.nflxso.net/art/39a40/debe50ba0501503589a7732afcbf1a26e6f39a40.jpg);""></div>",/title/80134601,"<p class=""watch-page-link"" data-href=""/title/80134601""><span class=""watch-page-link-title"" data-href=""/title/80134601"">Celal and Ceren</span><span class=""watch-page-link-availability""><span class=""watch-page-link-year"">2013</span><span class=""watch-page-link-maturity"">TV-MA</span><span class=""watch-page-link-duration"">109m</span></span></p>"
45,/title/80134606,Çok Filim Hareketler Bunlar,"Vignettes of the summer holidays follow vacationers as they battle mosquitoes, suffer ruined plans and otherwise hit snags in their precious time off.",TV-MA,99m,2010,"DirectorsOzan Açıktan, CastAyça ErturanAydan TaşAyşegül AkdemirBurcu GönderBülent Emrah ParlakBüşra PekinEmre CanpolatErsin KorkutEser YenenlerGizem TuğralGülhan TekinGülsüm AlkanHamdi Kahramanİbrahim BüyükakMetin Keçeci","Ozan Açıktan, Ayça Erturan, Aydan Taş, Ayşegül Akdemir, Burcu Gönder, Bülent Emrah Parlak, Büşra Pekin, Emre Canpolat, Ersin Korkut, Eser Yenenler, Gizem Tuğral, Gülhan Tekin, Gülsüm Alkan, Hamdi Kahraman, İbrahim Büyükak, Metin Keçeci","[u'Comedies', u'International Comedies', u'Dark Comedies', u'Slapstick Comedies', u'International Movies', u'Middle Eastern Movies', u'Goofy', u'Irreverent']",https://occ-0-1361-1007.1.nflxso.net/art/0c6e0/668aade4e293fe66cc2a97dfc54e4f311d90c6e0.jpg,"<div class=""title-boxart"" style=""background-image:url(https://occ-0-1361-1007.1.nflxso.net/art/8b830/932205915df2ddd1de70f2e3a30f2c9f9558b830.jpg);""></div>",/title/80134606,"<p class=""watch-page-link"" data-href=""/title/80134606""><span class=""watch-page-link-title"" data-href=""/title/80134606"">Çok Filim Hareketler Bunlar</span><span class=""watch-page-link-availability""><span class=""watch-page-link-year"">2010</span><span class=""watch-page-link-maturity"">TV-MA</span><span class=""watch-page-link-duration"">99m</span></span></p>"
46,/title/80134604,Hayat Öpücügü,"High-strung Metin finally stops seeing doom and gloom around every corner when he meets vivacious Hayat, but she has her own soul-searching to do.",TV-14,97m,2015,"DirectorsŞenol Sönmez, CastAli SunalHatice ŞendilAyda AkselAhmet SaraçoğluJansetZerrin SümerSomer KarvanAli Çelik","Şenol Sönmez, Ali Sunal, Hatice Şendil, Ayda Aksel, Ahmet Saraçoğlu, Janset, Zerrin Sümer, Somer Karvan, Ali Çelik","[u'Comedies', u'International Comedies', u'Romantic Comedies', u'Dramas', u'International Dramas', u'Romantic Dramas', u'International Movies', u'Middle Eastern Movies', u'Romantic Movies', u'Quirky Romance', u'Emotional', u'Quirky', u'Romantic']",https://occ-0-1361-1007.1.nflxso.net/art/8832c/ad550fe92ac8859902fa8217051e76569198832c.jpg,"<div class=""title-boxart"" style=""background-image:url(https://occ-0-1361-1007.1.nflxso.net/art/eb60e/b754525a2f4ebf7baf61e44cb1f3763440beb60e.jpg);""></div>",/title/80134604,"<p class=""watch-page-link"" data-href=""/title/80134604""><span class=""watch-page-link-title"" data-href=""/title/80134604"">Hayat Öpücügü</span><span class=""watch-page-link-availability""><span class=""watch-page-link-year"">2015</span><span class=""watch-page-link-maturity"">TV-14</span><span class=""watch-page-link-duration"">97m</span></span></p>"
47,/title/80134521,Berlin Kaplani,"After a losing streak puts him in debt of 50,000 euros to his sponsors, an unlikely Turkish-German boxer in Berlin finds himself in need of a miracle.",TV-14,98m,2012,"DirectorsHakan Algül, CastAta DemirerNecati BilgiçTarık ÜnlüoğluÖzlem TürkadNihal YalçınCemil ÖzbayerCengiz BozkurtOrhan GünerMert Aran","Hakan Algül, Ata Demirer, Necati Bilgiç, Tarık Ünlüoğlu, Özlem Türkad, Nihal Yalçın, Cemil Özbayer, Cengiz Bozkurt, Orhan Güner, Mert Aran","[u'Comedies', u'International Comedies', u'Sports Comedies', u'International Movies', u'Middle Eastern Movies', u'Sports Movies', u'Boxing Movies', u'Goofy']",https://occ-0-1361-1007.1.nflxso.net/art/bda67/8db07c07398e983dcc07fa2ac8c2aed02c3bda67.jpg,"<div class=""title-boxart"" style=""background-image:url(https://occ-0-1361-1007.1.nflxso.net/art/b3323/c2a59fc17bac4722d505c9ab9dfdc578666b3323.jpg);""></div>",/title/80134521,"<p class=""watch-page-link"" data-href=""/title/80134521""><span class=""watch-page-link-title"" data-href=""/title/80134521"">Berlin Kaplani</span><span class=""watch-page-link-availability""><span class=""watch-page-link-year"">2012</span><span class=""watch-page-link-maturity"">TV-14</span><span class=""watch-page-link-duration"">98m</span></span></p>"
48,/title/80038441,Hükümet Kadin 2,"In 1949, with freedoms threatened, housewife Hükümet is unaware of her future life in politics as she faces off with liar and mayoral hopeful Faruk.",TV-14,100m,2013,"DirectorsSermiyan Midyat, CastDemet AkbağSermiyan MidyatMahir İpekGülhan TekinBurcu GönderMine Şenhuy TeberOsman AlkaşBülent ÇolakOlgun TokerDoğukan Polat","Sermiyan Midyat, Demet Akbağ, Sermiyan Midyat, Mahir İpek, Gülhan Tekin, Burcu Gönder, Mine Şenhuy Teber, Osman Alkaş, Bülent Çolak, Olgun Toker, Doğukan Polat","[u'Comedies', u'International Comedies', u'Political Comedies', u'20th Century Period Pieces', u'International Movies', u'Middle Eastern Movies', u'Quirky']",https://occ-0-1361-1007.1.nflxso.net/art/3ea5e/70872b28a67e12d631223e48dc0441011303ea5e.jpg,"<div class=""title-boxart"" style=""background-image:url(https://occ-0-1361-1007.1.nflxso.net/art/111a4/987fde5733ffa582addf3484408641121b1111a4.jpg);""></div>",/title/80038441,"<p class=""watch-page-link"" data-href=""/title/80038441""><span class=""watch-page-link-title"" data-href=""/title/80038441"">Hükümet Kadin 2</span><span class=""watch-page-link-availability""><span class=""watch-page-link-year"">2013</span><span class=""watch-page-link-maturity"">TV-14</span><span class=""watch-page-link-duration"">100m</span></span></p>"
49,/title/80134432,Osman Pazarlama,"Hoping to make his fortune and win the girl of his dreams, fast-talking Osman invents and tries to promote one preposterous gadget after another.",NR,116m,2016,"DirectorsTogan Gökbakar, CastŞahan GökbakarMehmet Selim AkgülFeriştah Senem YıldırımYurtşen FidanLiberat NiyoyandikaTahsin TonkuşEsra BalıkçıŞükran Çağman","Togan Gökbakar, Şahan Gökbakar, Mehmet Selim Akgül, Feriştah Senem Yıldırım, Yurtşen Fidan, Liberat Niyoyandika, Tahsin Tonkuş, Esra Balıkçı, Şükran Çağman","[u'Comedies', u'International Comedies', u'Slapstick Comedies', u'International Movies', u'Middle Eastern Movies', u'Goofy']",https://occ-0-1361-1007.1.nflxso.net/art/99de1/d64e2986634d99a58f0efa402c59209449599de1.jpg,"<div class=""title-boxart"" style=""background-image:url(https://occ-0-1361-1007.1.nflxso.net/art/881fe/990ede26c94b814d35cf2b1065150b45241881fe.jpg);""></div>",/title/80134432,"<p class=""watch-page-link"" data-href=""/title/80134432""><span class=""watch-page-link-title"" data-href=""/title/80134432"">Osman Pazarlama</span><span class=""watch-page-link-availability""><span class=""watch-page-link-year"">2016</span><span class=""watch-page-link-maturity"">NR</span><span class=""watch-page-link-duration"">116m</span></span></p>"
50,/title/80134438,Romantik Komedi,"Bored with her life and inspired by a friend's wedding, Esra quits her job and dumps her boyfriend, leading to a series of romantic misadventures.",NR,110m,2010,"DirectorsKetche, CastSedef AvcıCemal HünalBegüm KütükEngin Altan DüzyatanSinem KobalGürgen ÖzBurcu KaraKubilay Penbeklioğlu","Ketche, Sedef Avcı, Cemal Hünal, Begüm Kütük, Engin Altan Düzyatan, Sinem Kobal, Gürgen Öz, Burcu Kara, Kubilay Penbeklioğlu","[u'Comedies', u'International Comedies', u'Romantic Comedies', u'International Movies', u'Middle Eastern Movies', u'Romantic Movies', u'Romantic']",https://occ-0-1361-1007.1.nflxso.net/art/75e8d/d89a7cafe95469963caae56c56d3f4595f175e8d.jpg,"<div class=""title-boxart"" style=""background-image:url(https://occ-0-1361-1007.1.nflxso.net/art/4f8a4/3d9d0980630c31befea3915f202ac490c4b4f8a4.jpg);""></div>",/title/80134438,"<p class=""watch-page-link"" data-href=""/title/80134438""><span class=""watch-page-link-title"" data-href=""/title/80134438"">Romantik Komedi</span><span class=""watch-page-link-availability""><span class=""watch-page-link-year"">2010</span><span class=""watch-page-link-maturity"">NR</span><span class=""watch-page-link-duration"">110m</span></span></p>"
51,/title/80134398,Kocan Kadar Konus 2: Dirilis,"Efsun has found Mr. Right in Sinan, and their relationship is taking a serious turn. But their eccentric families quickly complicate the romance.",TV-14,104m,2016,"DirectorsKıvanç Baruönü, CastEzgi MolaMurat YıldırımGülenay KalkanNevra SerezliEda Ece","Kıvanç Baruönü, Ezgi Mola, Murat Yıldırım, Gülenay Kalkan, Nevra Serezli, Eda Ece","[u'Comedies', u'International Comedies', u'Romantic Comedies', u'International Movies', u'Middle Eastern Movies', u'Romantic Movies', u'Romantic']",https://occ-0-1361-1007.1.nflxso.net/art/972ef/0bd634df1be9b98c52130bcf8018e0d0796972ef.jpg,"<div class=""title-boxart"" style=""background-image:url(https://occ-0-1361-1007.1.nflxso.net/art/baec7/a5918b457c10b2fd891bc3dfe59964b9a54baec7.jpg);""></div>",/title/80134398,"<p class=""watch-page-link"" data-href=""/title/80134398""><span class=""watch-page-link-title"" data-href=""/title/80134398"">Kocan Kadar Konus 2: Dirilis</span><span class=""watch-page-link-availability""><span class=""watch-page-link-year"">2016</span><span class=""watch-page-link-maturity"">TV-14</span><span class=""watch-page-link-duration"">104m</span></span></p>"
52,/title/80134500,Dügün Dernek 2: Sünnet,Ismail and his old screwball crew land themselves in hot water when his grandson's circumcision evolves into a buzz-making citywide event.,TV-MA,107m,2015,"DirectorsSelçuk Aydemir, CastAhmet KuralMurat CemcirRasim ÖztekinDevrim YakutBarış YıldızUlaş TorunŞinasi YurtseverErdal Tosun","Selçuk Aydemir, Ahmet Kural, Murat Cemcir, Rasim Öztekin, Devrim Yakut, Barış Yıldız, Ulaş Torun, Şinasi Yurtsever, Erdal Tosun","[u'Comedies', u'International Comedies', u'International Movies', u'Middle Eastern Movies', u'Goofy']",https://occ-0-1361-1007.1.nflxso.net/art/a6b80/bd3a3e9dc1671ad6da62c8a04f6f3127716a6b80.jpg,"<div class=""title-boxart"" style=""background-image:url(https://occ-0-1361-1007.1.nflxso.net/art/63127/80331fad2c34fee29f85696375c4e272c4163127.jpg);""></div>",/title/80134500,"<p class=""watch-page-link"" data-href=""/title/80134500""><span class=""watch-page-link-title"" data-href=""/title/80134500"">Dügün Dernek 2: Sünnet</span><span class=""watch-page-link-availability""><span class=""watch-page-link-year"">2015</span><span class=""watch-page-link-maturity"">TV-MA</span><span class=""watch-page-link-duration"">107m</span></span></p>"
53,/title/80038525,Recep Ivedik,"A man finds the wallet of a rich man and takes a rigorous trip in an old car to return it, finding an old love and a new life of luxury awaiting.",NR,101m,2008,"DirectorsTogan Gökbakar, CastŞahan GökbakarFatma ToptaşTuluğ ÇizgenVural BulduHakan Akınİsmail Hakkı ÜrünLemi Filozof","Togan Gökbakar, Şahan Gökbakar, Fatma Toptaş, Tuluğ Çizgen, Vural Buldu, Hakan Akın, İsmail Hakkı Ürün, Lemi Filozof","[u'Comedies', u'International Comedies', u'Dark Comedies', u'Late Night Comedies', u'International Movies', u'Middle Eastern Movies', u'Goofy', u'Raunchy']",https://occ-0-1361-1007.1.nflxso.net/art/2cdc4/1e45ce9cff450b35edd0d4dfb6a986165722cdc4.jpg,"<div class=""title-boxart"" style=""background-image:url(https://occ-0-1361-1007.1.nflxso.net/art/1847f/d18f3caefccc9324aba21af3685ccd96c6f1847f.jpg);""></div>",/title/80038525,"<p class=""watch-page-link"" data-href=""/title/80038525""><span class=""watch-page-link-title"" data-href=""/title/80038525"">Recep Ivedik</span><span class=""watch-page-link-availability""><span class=""watch-page-link-year"">2008</span><span class=""watch-page-link-maturity"">NR</span><span class=""watch-page-link-duration"">101m</span></span></p>"
54,/title/80134435,Romantik Komedi 2: Bekarlığa Veda,"Didem tries everything to get actor Cem to propose to her, but he's got other things on his mind: a beautiful new co-star and a secret bachelor party.",TV-14,104m,2013,"DirectorsErol Özlevi, CastSinem KobalEngin Altan DüzyatanSedef AvcıCemal HünalBurcu KaraGürgen ÖzÖykü ÇelikGökçe Özyol","Erol Özlevi, Sinem Kobal, Engin Altan Düzyatan, Sedef Avcı, Cemal Hünal, Burcu Kara, Gürgen Öz, Öykü Çelik, Gökçe Özyol","[u'Comedies', u'International Comedies', u'Romantic Comedies', u'International Movies', u'Middle Eastern Movies', u'Romantic Movies', u'Quirky Romance', u'Quirky', u'Romantic']",https://occ-0-1361-1007.1.nflxso.net/art/7bfe4/96900855eff1ba8012e296120e603acd4b77bfe4.jpg,"<div class=""title-boxart"" style=""background-image:url(https://occ-0-1361-1007.1.nflxso.net/art/7eebc/08cb277a6769b0afb3f1ebb2ef740e5a3207eebc.jpg);""></div>",/title/80134435,"<p class=""watch-page-link"" data-href=""/title/80134435""><span class=""watch-page-link-title"" data-href=""/title/80134435"">Romantik Komedi 2: Bekarlığa Veda</span><span class=""watch-page-link-availability""><span class=""watch-page-link-year"">2013</span><span class=""watch-page-link-maturity"">TV-14</span><span class=""watch-page-link-duration"">104m</span></span></p>"
55,/title/80038445,Vizontele Tuuba,"With civil war looming, a TV-obsessed Turkish town is bemused when a bureaucrat and his daughter arrive to modernize their library.",NR,106m,2004,"DirectorsYılmaz Erdoğan, CastYılmaz ErdoğanTarık AkanAltan ErkekliCezmi Baskınİclal AydınDemet AkbağTuba ÜnsalTolga Çevik","Yılmaz Erdoğan, Yılmaz Erdoğan, Tarık Akan, Altan Erkekli, Cezmi Baskın, İclal Aydın, Demet Akbağ, Tuba Ünsal, Tolga Çevik","[u'Comedies', u'International Comedies', u'Political Comedies', u'Dramas', u'International Dramas', u'Political Dramas', u'International Movies', u'Middle Eastern Movies', u'Offbeat']",https://occ-0-1361-1007.1.nflxso.net/art/0d6e8/3725edc5f6769ce1101da5d122c3287f2f70d6e8.jpg,"<div class=""title-boxart"" style=""background-image:url(https://occ-0-1361-1007.1.nflxso.net/art/bc0e7/679115d27e823bc597c89f247f4b9c13061bc0e7.jpg);""></div>",/title/80038445,"<p class=""watch-page-link"" data-href=""/title/80038445""><span class=""watch-page-link-title"" data-href=""/title/80038445"">Vizontele Tuuba</span><span class=""watch-page-link-availability""><span class=""watch-page-link-year"">2004</span><span class=""watch-page-link-maturity"">NR</span><span class=""watch-page-link-duration"">106m</span></span></p>"
56,/title/80134524,Hokkabaz,"Trying to resurrect his career, not-so-talented magician Iskender goes on tour, but things get iffy when one of his illusions works a little too well.",TV-MA,118m,2006,"DirectorAli Taner BaltacıCem Yılmaz, CastCem YılmazMazhar AlansonÖzlem TekinTuna OrhanTuncer SalmanKemal İnciGürgen ÖzCaner AlkayaAyçe AbanaBahtiyar Engin","Ali Taner Baltacı, Cem Yılmaz, Cem Yılmaz, Mazhar Alanson, Özlem Tekin, Tuna Orhan, Tuncer Salman, Kemal İnci, Gürgen Öz, Caner Alkaya, Ayçe Abana, Bahtiyar Engin","[u'Comedies', u'International Comedies', u'Dramas', u'International Dramas', u'International Movies', u'Middle Eastern Movies', u'Quirky']",https://occ-0-1361-1007.1.nflxso.net/art/81ad9/52c65c20f0a8ab9edb4a30bfb41be96c39881ad9.jpg,"<div class=""title-boxart"" style=""background-image:url(https://occ-0-1361-1007.1.nflxso.net/art/ed7fc/3970dbf6d7096ab6cb740a577596efb7df9ed7fc.jpg);""></div>",/title/80134524,"<p class=""watch-page-link"" data-href=""/title/80134524""><span class=""watch-page-link-title"" data-href=""/title/80134524"">Hokkabaz</span><span class=""watch-page-link-availability""><span class=""watch-page-link-year"">2006</span><span class=""watch-page-link-maturity"">TV-MA</span><span class=""watch-page-link-duration"">118m</span></span></p>"
57,/title/80134434,Sen Kimsin?,"Desperate for cash, klutzy private investigator Tekin searches for a wealthy woman's missing girl but faces one surprise and mishap after another.",TV-14,101m,2012,"DirectorsOzan Açıktan, CastTolga ÇevikKöksal EngürPelin KörmükçüToprak SergenZeynep Özder","Ozan Açıktan, Tolga Çevik, Köksal Engür, Pelin Körmükçü, Toprak Sergen, Zeynep Özder","[u'Comedies', u'International Comedies', u'International Movies', u'Middle Eastern Movies', u'Goofy']",https://occ-0-1361-1007.1.nflxso.net/art/3ea80/bb0b57a34ecd28e383663a7e62d7998496d3ea80.jpg,"<div class=""title-boxart"" style=""background-image:url(https://occ-0-1361-1007.1.nflxso.net/art/529e6/0b6285422d9b1e1c2b8b765ea249a5bc216529e6.jpg);""></div>",/title/80134434,"<p class=""watch-page-link"" data-href=""/title/80134434""><span class=""watch-page-link-title"" data-href=""/title/80134434"">Sen Kimsin?</span><span class=""watch-page-link-availability""><span class=""watch-page-link-year"">2012</span><span class=""watch-page-link-maturity"">TV-14</span><span class=""watch-page-link-duration"">101m</span></span></p>"
58,/title/80038355,Hükümet Kadin,"When an uneducated mother of eight suddenly becomes mayor, she uses the skills she's learned as a housewife to keep her town running like clockwork.",TV-MA,99m,2013,"DirectorsSermiyan Midyat, CastDemet AkbağSermiyan MidyatMahir İpekGülhan TekinBurcu GönderCezmi BaskınRenan BilekAyberk AttilaRıza AkınBülent Çolak","Sermiyan Midyat, Demet Akbağ, Sermiyan Midyat, Mahir İpek, Gülhan Tekin, Burcu Gönder, Cezmi Baskın, Renan Bilek, Ayberk Attila, Rıza Akın, Bülent Çolak","[u'Comedies', u'International Comedies', u'20th Century Period Pieces', u'International Movies', u'Middle Eastern Movies', u'Goofy', u'Quirky']",https://occ-0-1361-1007.1.nflxso.net/art/9afbc/118c645ba69d21c90e926932f89bbb1c7a89afbc.jpg,"<div class=""title-boxart"" style=""background-image:url(https://occ-0-1361-1007.1.nflxso.net/art/90d5e/c34fd6e633c87ab76f44cbc029e9835566290d5e.jpg);""></div>",/title/80038355,"<p class=""watch-page-link"" data-href=""/title/80038355""><span class=""watch-page-link-title"" data-href=""/title/80038355"">Hükümet Kadin</span><span class=""watch-page-link-availability""><span class=""watch-page-link-year"">2013</span><span class=""watch-page-link-maturity"">TV-MA</span><span class=""watch-page-link-duration"">99m</span></span></p>"
59,/title/80038353,Eyyvah Eyvah,"A clarinet player who lives with his grandparents in a small village is forced to move to Istanbul, where he meets a singer enjoying sudden fame.",TV-MA,99m,2010,"DirectorsHakan Algül, CastDemet AkbağAta DemirerÖzge BorakBican GünalanSalih KalyonTanju TuncelMeray Ülgen","Hakan Algül, Demet Akbağ, Ata Demirer, Özge Borak, Bican Günalan, Salih Kalyon, Tanju Tuncel, Meray Ülgen","[u'Comedies', u'International Comedies', u'International Movies', u'Middle Eastern Movies', u'Goofy', u'Feel-good']",https://occ-0-1361-1007.1.nflxso.net/art/2305a/58da5ccbec1399d5ee9dd2e2ff2bfc7e1fe2305a.jpg,"<div class=""title-boxart"" style=""background-image:url(https://occ-0-1361-1007.1.nflxso.net/art/ad559/e47227e158314486895b59bbdf8d928c583ad559.jpg);""></div>",/title/80038353,"<p class=""watch-page-link"" data-href=""/title/80038353""><span class=""watch-page-link-title"" data-href=""/title/80038353"">Eyyvah Eyvah</span><span class=""watch-page-link-availability""><span class=""watch-page-link-year"">2010</span><span class=""watch-page-link-maturity"">TV-MA</span><span class=""watch-page-link-duration"">99m</span></span></p>"
60,/title/80038527,Vizontele,"In 1974, a rural town in Anatolia gets its first television set -- an event that's met with both excitement and trepidation by the villagers.",NR,105m,2001,"DirectorYılmaz ErdoğanÖmer Faruk Sorak, CastYılmaz ErdoğanDemet AkbağAltan ErkekliCem YılmazCezmi BaskınBican GünalanSebnem Sönmezİclal AydınMesut ÇakarliZeynep Tokuş","Yılmaz Erdoğan, Ömer Faruk Sorak, Yılmaz Erdoğan, Demet Akbağ, Altan Erkekli, Cem Yılmaz, Cezmi Baskın, Bican Günalan, Sebnem Sönmez, İclal Aydın, Mesut Çakarli, Zeynep Tokuş","[u'Comedies', u'International Comedies', u'Dramas', u'International Dramas', u'20th Century Period Pieces', u'International Movies', u'Middle Eastern Movies', u'Goofy']",https://occ-0-1361-1007.1.nflxso.net/art/b662e/c8d967887b1bb5415ea1d099a9e35e06741b662e.jpg,"<div class=""title-boxart"" style=""background-image:url(https://occ-0-1361-1007.1.nflxso.net/art/29ffb/4caded93ed53397d5f06890273336e15ffc29ffb.jpg);""></div>",/title/80038527,"<p class=""watch-page-link"" data-href=""/title/80038527""><span class=""watch-page-link-title"" data-href=""/title/80038527"">Vizontele</span><span class=""watch-page-link-availability""><span class=""watch-page-link-year"">2001</span><span class=""watch-page-link-maturity"">NR</span><span class=""watch-page-link-duration"">105m</span></span></p>"
61,/title/80134525,Neseli Hayat,"Burdened by troubles and caught between cultures, Riza takes a job as a mall Santa and finds that real life may not be so different from make-believe.",TV-14,107m,2009,"DirectorsYılmaz Erdoğan, CastYılmaz ErdoğanErsin KorkutBüşra PekinErdal TosunRıza AkınSinan BengierCezmi BaskınAyberk AtillaFatma MuratMetin Yıldız","Yılmaz Erdoğan, Yılmaz Erdoğan, Ersin Korkut, Büşra Pekin, Erdal Tosun, Rıza Akın, Sinan Bengier, Cezmi Baskın, Ayberk Atilla, Fatma Murat, Metin Yıldız","[u'Comedies', u'International Comedies', u'International Movies', u'Middle Eastern Movies']",https://occ-0-1361-1007.1.nflxso.net/art/79d1e/0dff39dbaa5f6da929a6b75fc40002bb06b79d1e.jpg,"<div class=""title-boxart"" style=""background-image:url(https://occ-0-1361-1007.1.nflxso.net/art/633fe/e32624192884dd8ee4cd6c13a3325409cc4633fe.jpg);""></div>",/title/80134525,"<p class=""watch-page-link"" data-href=""/title/80134525""><span class=""watch-page-link-title"" data-href=""/title/80134525"">Neseli Hayat</span><span class=""watch-page-link-availability""><span class=""watch-page-link-year"">2009</span><span class=""watch-page-link-maturity"">TV-14</span><span class=""watch-page-link-duration"">107m</span></span></p>"
62,/title/70299745,The Butterfly's Dream,"Forced to work in a coal mine during World War II, two young poets find some escape when they both fall for the same woman.",TV-PG,118m,2013,"DirectorsYılmaz Erdoğan, CastKıvanç TatlıtuğMert FıratBelçim BilginFarah Zeynep AbdullahYılmaz ErdoğanAhmet Mümtaz TaylanTaner BirselSelman Ünlüsoyİpek BilginAksel BonfilDevrim YakutSalih Kalyon","Yılmaz Erdoğan, Kıvanç Tatlıtuğ, Mert Fırat, Belçim Bilgin, Farah Zeynep Abdullah, Yılmaz Erdoğan, Ahmet Mümtaz Taylan, Taner Birsel, Selman Ünlüsoy, İpek Bilgin, Aksel Bonfil, Devrim Yakut, Salih Kalyon","[u'Dramas', u'International Dramas', u'20th Century Period Pieces', u'Romantic Dramas', u'Social Issue Dramas', u'International Movies', u'Middle Eastern Movies', u'Romantic Movies', u'Emotional', u'Romantic']",https://occ-0-1361-1007.1.nflxso.net/art/ac471/a98b43f56fe9d0a18f2f1b115132aa56677ac471.jpg,"<div class=""title-boxart"" style=""background-image:url(https://occ-0-1361-1007.1.nflxso.net/art/4727c/03fa1c956f06dea08aced7aa9dd8a70e9054727c.jpg);""></div>",/title/70299745,"<p class=""watch-page-link"" data-href=""/title/70299745""><span class=""watch-page-link-title"" data-href=""/title/70299745"">The Butterfly's Dream</span><span class=""watch-page-link-availability""><span class=""watch-page-link-year"">2013</span><span class=""watch-page-link-maturity"">TV-PG</span><span class=""watch-page-link-duration"">118m</span></span></p>"
63,/title/80120301,Mahmut & Meryem,"In the 16th century, the heir to a Muslim empire embarks on a dangerous journey to find his true love, who was taken away by her Christian father.",TV-14,1 Season,2013,CastAras Bulut İynemliEva DedovaFahreddin ManafovMelahat AbbasovaPolat BilginMehmet ÇevikShamil SuleimanovŞafak Başkayaİlker KızmazKristina KrepelaUfuk Şen,"Aras Bulut İynemli, Eva Dedova, Fahreddin Manafov, Melahat Abbasova, Polat Bilgin, Mehmet Çevik, Shamil Suleimanov, Şafak Başkaya, İlker Kızmaz, Kristina Krepela, Ufuk Şen","[u'TV Shows', u'International TV Shows', u'Romantic TV Shows', u'TV Dramas', u'Romantic']",https://occ-0-1361-1007.1.nflxso.net/art/6b781/801bf323d46a84bde75f394821669fe0b2f6b781.jpg,"<div class=""title-boxart"" style=""background-image:url(https://occ-0-1361-1007.1.nflxso.net/art/4e5c9/3e75ac05b32dd57f1eaccf1fe711cb9d1b64e5c9.jpg);""></div>",/title/80120301,"<p class=""watch-page-link"" data-href=""/title/80120301""><span class=""watch-page-link-title"" data-href=""/title/80120301"">Mahmut &amp; Meryem</span><span class=""watch-page-link-availability""><span class=""watch-page-link-year"">2013</span><span class=""watch-page-link-maturity"">TV-14</span><span class=""watch-page-link-duration"">1 Season</span></span></p>"
64,/title/80134605,Erkekler,A therapist and his patient try to understand their complex relationships with women and their not-so-complex relationships with their libidos.,TV-MA,122m,2013,"DirectorsFaruk Aksoy, CastFikret KuşkanAli PoyrazoğluAsuman DabakGüneş Emir","Faruk Aksoy, Fikret Kuşkan, Ali Poyrazoğlu, Asuman Dabak, Güneş Emir","[u'Comedies', u'International Comedies', u'Late Night Comedies', u'International Movies', u'Middle Eastern Movies', u'Emotional', u'Irreverent', u'Raunchy']",https://occ-0-1361-1007.1.nflxso.net/art/87c83/8817d6c956696a1839f272aea50fd97a49487c83.jpg,"<div class=""title-boxart"" style=""background-image:url(https://occ-0-1361-1007.1.nflxso.net/art/d29ee/2352a1cb8e19694467d46d6a19997fc4341d29ee.jpg);""></div>",/title/80134605,"<p class=""watch-page-link"" data-href=""/title/80134605""><span class=""watch-page-link-title"" data-href=""/title/80134605"">Erkekler</span><span class=""watch-page-link-availability""><span class=""watch-page-link-year"">2013</span><span class=""watch-page-link-maturity"">TV-MA</span><span class=""watch-page-link-duration"">122m</span></span></p>"
65,/title/80175913,20 Minutes,"When his wife is convicted of murder, a horrified family man races to prove her innocence while a dogged investigator sets out to uncover the truth.",TV-MA,1 Season,2013,CastTuba BüyüküstünIlker AksumBülent Emin Yararİpek BilginMüjde UzmanFirat ÇelikAyten UncuogluCihat Tamer,"Tuba Büyüküstün, Ilker Aksum, Bülent Emin Yarar, İpek Bilgin, Müjde Uzman, Firat Çelik, Ayten Uncuoglu, Cihat Tamer","[u'TV Shows', u'Crime TV Shows', u'International TV Shows', u'TV Dramas', u'Crime TV Dramas', u'Emotional', u'Suspenseful']",https://occ-0-1361-1007.1.nflxso.net/art/45913/1961d074c377ea6f03749b118c8551143eb45913.jpg,"<div class=""title-boxart"" style=""background-image:url(https://occ-0-1361-1007.1.nflxso.net/art/b04db/efe7699c161cf4c5ff3c54e9c3bb9410ccfb04db.jpg);""></div>",/title/80175913,"<p class=""watch-page-link"" data-href=""/title/80175913""><span class=""watch-page-link-title"" data-href=""/title/80175913"">20 Minutes</span><span class=""watch-page-link-availability""><span class=""watch-page-link-year"">2013</span><span class=""watch-page-link-maturity"">TV-MA</span><span class=""watch-page-link-duration"">1 Season</span></span></p>"
66,/title/80134600,Limonata,"To grant his dying father's wish, a young man drives to Istanbul in an old clunker to find his illegitimate brother and bring him back to Macedonia.",TV-MA,105m,2015,"DirectorsAli Atay, CastErtan SabanSerkan KeskinFunda EryiğitLuran AhmediZekir SipahiBedia Begovska","Ali Atay, Ertan Saban, Serkan Keskin, Funda Eryiğit, Luran Ahmedi, Zekir Sipahi, Bedia Begovska","[u'Comedies', u'International Comedies', u'Dramas', u'International Dramas', u'International Movies', u'Middle Eastern Movies', u'Emotional', u'Understated', u'Deadpan']",https://occ-0-1361-1007.1.nflxso.net/art/09bf8/1fa4011245d972c892070fe45032149fc8409bf8.jpg,"<div class=""title-boxart"" style=""background-image:url(https://occ-0-1361-1007.1.nflxso.net/art/e2d45/da7640b3fc93fdbb5c2cf33b384621c0c02e2d45.jpg);""></div>",/title/80134600,"<p class=""watch-page-link"" data-href=""/title/80134600""><span class=""watch-page-link-title"" data-href=""/title/80134600"">Limonata</span><span class=""watch-page-link-availability""><span class=""watch-page-link-year"">2015</span><span class=""watch-page-link-maturity"">TV-MA</span><span class=""watch-page-link-duration"">105m</span></span></p>"
67,/title/80134399,Patron Mutlu Son Istiyor,"Sent to a remote village to write a screenplay, Sinan finds inspiration to spare in colorful locals, farcical misadventures and the craziness of love.",TV-MA,105m,2014,"DirectorsKıvanç Baruönü, CastTolga ÇevikEzgi MolaMurat BaşoğluErkan CanErsin KorkutMustafa UzunyılmazNusret ÇetinelAyşenur Yazıcı","Kıvanç Baruönü, Tolga Çevik, Ezgi Mola, Murat Başoğlu, Erkan Can, Ersin Korkut, Mustafa Uzunyılmaz, Nusret Çetinel, Ayşenur Yazıcı","[u'Comedies', u'International Comedies', u'Romantic Comedies', u'International Movies', u'Middle Eastern Movies', u'Romantic Movies', u'Romantic']",https://occ-0-1361-1007.1.nflxso.net/art/f6169/44b9e6d98a6d1dcdac3a84917356ae26a71f6169.jpg,"<div class=""title-boxart"" style=""background-image:url(https://occ-0-1361-1007.1.nflxso.net/art/fa595/e125b3cedc236daf66b9fb7fe0f962917f6fa595.jpg);""></div>",/title/80134399,"<p class=""watch-page-link"" data-href=""/title/80134399""><span class=""watch-page-link-title"" data-href=""/title/80134399"">Patron Mutlu Son Istiyor</span><span class=""watch-page-link-availability""><span class=""watch-page-link-year"">2014</span><span class=""watch-page-link-maturity"">TV-MA</span><span class=""watch-page-link-duration"">105m</span></span></p>"
68,/title/80134520,Kurtulus Son Durak,"When a recently single psychologist moves to a new neighborhood, she finds friendship with women starting to rebel against years of domestic abuse.",TV-MA,99m,2012,"DirectorsYusuf Pirhasan, CastBelçim BilginDemet AkbağAsuman DabakAyten SoykökDamla SönmezMete HorozoğluAhmet Mümtaz TaylanYavuz BingölHüseyin SoysalanTolga KaraçelikNihal Yalçın","Yusuf Pirhasan, Belçim Bilgin, Demet Akbağ, Asuman Dabak, Ayten Soykök, Damla Sönmez, Mete Horozoğlu, Ahmet Mümtaz Taylan, Yavuz Bingöl, Hüseyin Soysalan, Tolga Karaçelik, Nihal Yalçın","[u'Comedies', u'International Comedies', u'Dramas', u'International Dramas', u'International Movies', u'Middle Eastern Movies', u'Inspiring', u'Emotional']",https://occ-0-1361-1007.1.nflxso.net/art/61d58/bf1032325cc926a95bf328eb75d987ab95c61d58.jpg,"<div class=""title-boxart"" style=""background-image:url(https://occ-0-1361-1007.1.nflxso.net/art/61902/94434222499175456aab192e206c6031fc361902.jpg);""></div>",/title/80134520,"<p class=""watch-page-link"" data-href=""/title/80134520""><span class=""watch-page-link-title"" data-href=""/title/80134520"">Kurtulus Son Durak</span><span class=""watch-page-link-availability""><span class=""watch-page-link-year"">2012</span><span class=""watch-page-link-maturity"">TV-MA</span><span class=""watch-page-link-duration"">99m</span></span></p>"
69,/title/80038354,Eyyvah Eyyvah 2,"Hüseyin has found his father, and now has one more mission -- to get together with the girl of his dreams, with a little help from his new friend.",TV-PG,106m,2011,"DirectorsHakan Algül, CastDemet AkbağAta DemirerÖzge BorakSalih KalyonTanju TuncelMeray ÜlgenBican GünalanTarık ÜnlüoğluAyşenil Şamlıoğlu","Hakan Algül, Demet Akbağ, Ata Demirer, Özge Borak, Salih Kalyon, Tanju Tuncel, Meray Ülgen, Bican Günalan, Tarık Ünlüoğlu, Ayşenil Şamlıoğlu","[u'Comedies', u'International Comedies', u'Romantic Comedies', u'International Movies', u'Middle Eastern Movies', u'Romantic Movies', u'Goofy', u'Romantic']",https://occ-0-1361-1007.1.nflxso.net/art/bd314/840cecaa33aeeb1c4b296a5f8446386ecd8bd314.jpg,"<div class=""title-boxart"" style=""background-image:url(https://occ-0-1361-1007.1.nflxso.net/art/19a2e/ad6ea751429ddd8cc0e14f4c17ac81cfb3319a2e.jpg);""></div>",/title/80038354,"<p class=""watch-page-link"" data-href=""/title/80038354""><span class=""watch-page-link-title"" data-href=""/title/80038354"">Eyyvah Eyyvah 2</span><span class=""watch-page-link-availability""><span class=""watch-page-link-year"">2011</span><span class=""watch-page-link-maturity"">TV-PG</span><span class=""watch-page-link-duration"">106m</span></span></p>"
70,/title/80126875,Subat,"An orphan subjected to tests that gave him superpowers is rescued and raised on Istanbul's streets, where he falls for a reporter linked to his past.",TV-14,1 Season,2012,"CreatorsOnur Ünlü, CastAlican YücesoyMelisa SözenMusa UzunlarSerkan ErcanÖzkan UğurÜlkü DuruTansu BiçerNadir SarıbacakSermet YeşilAyhan Kavas","Onur Ünlü, Alican Yücesoy, Melisa Sözen, Musa Uzunlar, Serkan Ercan, Özkan Uğur, Ülkü Duru, Tansu Biçer, Nadir Sarıbacak, Sermet Yeşil, Ayhan Kavas","[u'TV Shows', u'Crime TV Shows', u'International TV Shows', u'TV Dramas', u'Crime TV Dramas', u'TV Mysteries', u'TV Sci-Fi & Fantasy', u'Social Issue Dramas', u'Exciting']",https://occ-0-1361-1007.1.nflxso.net/art/723d8/49538720afce54a32ed8868dad45291f6f3723d8.jpg,"<div class=""title-boxart"" style=""background-image:url(https://occ-0-1361-1007.1.nflxso.net/art/b0345/71b73d5d0052f6a7a6398bd80782ac37bc1b0345.jpg);""></div>",/title/80126875,"<p class=""watch-page-link"" data-href=""/title/80126875""><span class=""watch-page-link-title"" data-href=""/title/80126875"">Subat</span><span class=""watch-page-link-availability""><span class=""watch-page-link-year"">2012</span><span class=""watch-page-link-maturity"">TV-14</span><span class=""watch-page-link-duration"">1 Season</span></span></p>"
71,/title/80134517,Cinar Agaci,"A matriarch and her grandson forge a special bond during family picnics every two months, until her health causes a conflict among the relatives.",TV-14,114m,2011,"DirectorsHandan İpekçi, CastNurgül YeşilçayCelile Toyon UysalDeniz Deha LostarSettar TanrıöğenSuzan AksoyHüseyin Avni DanyalJülide KuralRagıp Savaş","Handan İpekçi, Nurgül Yeşilçay, Celile Toyon Uysal, Deniz Deha Lostar, Settar Tanrıöğen, Suzan Aksoy, Hüseyin Avni Danyal, Jülide Kural, Ragıp Savaş","[u'Comedies', u'International Comedies', u'Dramas', u'International Dramas', u'International Movies', u'Middle Eastern Movies', u'Heartfelt', u'Emotional']",https://occ-0-1361-1007.1.nflxso.net/art/f12ea/96874dc9d4e9c654dcfedde5a780f8fcd62f12ea.jpg,"<div class=""title-boxart"" style=""background-image:url(https://occ-0-1361-1007.1.nflxso.net/art/dacfc/fe953c991b645a14f3ca31da7dbf705e3c2dacfc.jpg);""></div>",/title/80134517,"<p class=""watch-page-link"" data-href=""/title/80134517""><span class=""watch-page-link-title"" data-href=""/title/80134517"">Cinar Agaci</span><span class=""watch-page-link-availability""><span class=""watch-page-link-year"">2011</span><span class=""watch-page-link-maturity"">TV-14</span><span class=""watch-page-link-duration"">114m</span></span></p>"
72,/title/80134603,Beynelmilel,"When a local musician and his band are forced to perform in honor of a right-wing coup, his daughter schemes to make their music subversive instead.",TV-MA,101m,2006,"DirectorMuharrem GülmezSırrı Süreyya Önder, CastCezmi BaskınÖzgü NamalUmut KurtNazmi KırıkBahri BeyatMeral OkayDilber AyŞahin IrmakOktay KaynarcaBurak Tamdoğan","Muharrem Gülmez, Sırrı Süreyya Önder, Cezmi Baskın, Özgü Namal, Umut Kurt, Nazmi Kırık, Bahri Beyat, Meral Okay, Dilber Ay, Şahin Irmak, Oktay Kaynarca, Burak Tamdoğan","[u'Comedies', u'International Comedies', u'Political Comedies', u'Dramas', u'International Dramas', u'20th Century Period Pieces', u'Political Dramas', u'International Movies', u'Middle Eastern Movies', u'Emotional']",https://occ-0-1361-1007.1.nflxso.net/art/e9992/49e38f4b9f3a9aaf0770336f224ce281da9e9992.jpg,"<div class=""title-boxart"" style=""background-image:url(https://occ-0-1361-1007.1.nflxso.net/art/12c9a/bb5fdc3ada8202767a0e1639c21b4ac021d12c9a.jpg);""></div>",/title/80134603,"<p class=""watch-page-link"" data-href=""/title/80134603""><span class=""watch-page-link-title"" data-href=""/title/80134603"">Beynelmilel</span><span class=""watch-page-link-availability""><span class=""watch-page-link-year"">2006</span><span class=""watch-page-link-maturity"">TV-MA</span><span class=""watch-page-link-duration"">101m</span></span></p>"
73,/title/80123567,Burned Cocoon,"A secret marriage unites two families -- one wealthy and traditional, the other bankrupt and modern -- and is threatened by the resulting conflicts.",TV-14,1 Season,2005,CastYavuz BingölBasak KöklükayaÇolpan IlhanMustafa AlaboraSedef AvcıAyça İnciTuncer NecmioğluSerdar Özer,"Yavuz Bingöl, Basak Köklükaya, Çolpan Ilhan, Mustafa Alabora, Sedef Avcı, Ayça İnci, Tuncer Necmioğlu, Serdar Özer","[u'TV Shows', u'International TV Shows', u'TV Dramas', u'Emotional']",https://occ-0-1361-1007.1.nflxso.net/art/e7eea/b201ac82bc5ff1cb3713091392d125d0e41e7eea.jpg,"<div class=""title-boxart"" style=""background-image:url(https://occ-0-1361-1007.1.nflxso.net/art/50216/a315af1f1eeb7d19bab2b72b3b19c933fff50216.jpg);""></div>",/title/80123567,"<p class=""watch-page-link"" data-href=""/title/80123567""><span class=""watch-page-link-title"" data-href=""/title/80123567"">Burned Cocoon</span><span class=""watch-page-link-availability""><span class=""watch-page-link-year"">2005</span><span class=""watch-page-link-maturity"">TV-14</span><span class=""watch-page-link-duration"">1 Season</span></span></p>"
74,/title/80134437,Drawers,"After self-destruction puts her in the hospital, Deniz is forced to face memories of a controlling father obsessed with suppressing her sexuality.",TV-MA,126m,2015,"DirectorCaner AlperMehmet Binay, CastEce DizdarTaner BirselTilbe SaranNilüfer AçıkalınHakan ÇimenserPınar TöreTuğrul TülekBurak Altay","Caner Alper, Mehmet Binay, Ece Dizdar, Taner Birsel, Tilbe Saran, Nilüfer Açıkalın, Hakan Çimenser, Pınar Töre, Tuğrul Tülek, Burak Altay","[u'Dramas', u'International Dramas', u'Dramas based on Real Life', u'International Movies', u'Middle Eastern Movies']",https://occ-0-1361-1007.1.nflxso.net/art/dfe95/57b8add1727980d6127b875678d128a1efadfe95.jpg,"<div class=""title-boxart"" style=""background-image:url(https://occ-0-1361-1007.1.nflxso.net/art/764aa/1f6779cb97b6b0b3b3875b1c87e24ec9e81764aa.jpg);""></div>",/title/80134437,"<p class=""watch-page-link"" data-href=""/title/80134437""><span class=""watch-page-link-title"" data-href=""/title/80134437"">Drawers</span><span class=""watch-page-link-availability""><span class=""watch-page-link-year"">2015</span><span class=""watch-page-link-maturity"">TV-MA</span><span class=""watch-page-link-duration"">126m</span></span></p>"
75,/title/80126684,Love Me As I Am,"After wealthy college boy Ömer and lower class college girl Aysem fall in love and quickly marry, they learn that love and life aren't always perfect.",TV-14,3 Seasons,2013,CastAlper SaldıranZeynep ÇamcıBurcu AltınUmut KurtEda EceOzan OsmanpaşaoğluMert TurakBurcu BiricikYusuf AkgünSelen Uçer,"Alper Saldıran, Zeynep Çamcı, Burcu Altın, Umut Kurt, Eda Ece, Ozan Osmanpaşaoğlu, Mert Turak, Burcu Biricik, Yusuf Akgün, Selen Uçer","[u'TV Shows', u'International TV Shows', u'Romantic TV Shows', u'TV Comedies', u'TV Dramas', u'TV Dramedies', u'Romantic']",https://occ-0-1361-1007.1.nflxso.net/art/81b90/e918a5af2fd70386378b12c1af3f49bbf1781b90.jpg,"<div class=""title-boxart"" style=""background-image:url(https://occ-0-1361-1007.1.nflxso.net/art/09afd/2bb62e669dd27d1f4f047b41fa2be34219a09afd.jpg);""></div>",/title/80126684,"<p class=""watch-page-link"" data-href=""/title/80126684""><span class=""watch-page-link-title"" data-href=""/title/80126684"">Love Me As I Am</span><span class=""watch-page-link-availability""><span class=""watch-page-link-year"">2013</span><span class=""watch-page-link-maturity"">TV-14</span><span class=""watch-page-link-duration"">3 Seasons</span></span></p>"
76,/title/80126879,What Happens to My Family,A naïve young woman goes to Istanbul to meet the now-grown boy who jokingly promised to marry her in 11 years after she saved his life as a child.,TV-14,1 Season,2015,"CreatorsFaruk Bayhan, CastSettar TanrıöğenUraz KaygılaroğluBerna KoraltürkMelis TüzüngüçÖzgün KaramanTülay BursaTolga PancaroğluErtunç TuncerCansu Gültekin","Faruk Bayhan, Settar Tanrıöğen, Uraz Kaygılaroğlu, Berna Koraltürk, Melis Tüzüngüç, Özgün Karaman, Tülay Bursa, Tolga Pancaroğlu, Ertunç Tuncer, Cansu Gültekin","[u'TV Shows', u'International TV Shows', u'TV Comedies', u'TV Dramas', u'TV Dramedies', u'Quirky']",https://occ-0-1361-1007.1.nflxso.net/art/8bf0f/7a369b6df0b76bb117229b370f61c6fb2f18bf0f.jpg,"<div class=""title-boxart"" style=""background-image:url(https://occ-0-1361-1007.1.nflxso.net/art/752ef/0937f67a6598d92612abc4e32b2bd620718752ef.jpg);""></div>",/title/80126879,"<p class=""watch-page-link"" data-href=""/title/80126879""><span class=""watch-page-link-title"" data-href=""/title/80126879"">What Happens to My Family</span><span class=""watch-page-link-availability""><span class=""watch-page-link-year"">2015</span><span class=""watch-page-link-maturity"">TV-14</span><span class=""watch-page-link-duration"">1 Season</span></span></p>"
77,/title/80058482,Mustang,"After being seen flirting with male classmates, five spirited sisters are put on virtual lockdown by their conservative, domineering grandmother.",PG-13,97m,2015,"DirectorsDeniz Gamze Ergüven, CastGüneş ŞensoyDoğa Zeynep DoğuşluTuğba SunguroğluElit İşcanIlayda AkdoganAyberk Pekcan","Deniz Gamze Ergüven, Güneş Şensoy, Doğa Zeynep Doğuşlu, Tuğba Sunguroğlu, Elit İşcan, Ilayda Akdogan, Ayberk Pekcan","[u'Dramas', u'International Dramas', u'International Movies', u'Middle Eastern Movies', u'Dark', u'Emotional']",https://occ-0-1361-1007.1.nflxso.net/art/5ca7d/6636b1d6e778bec921d3a501f9b970094385ca7d.jpg,"<div class=""title-boxart"" style=""background-image:url(https://occ-0-1361-1007.1.nflxso.net/art/8af3f/ff8ad07ac0815f45d8fdb73ca6770c5d7528af3f.jpg);""></div>",/title/80058482,"<p class=""watch-page-link"" data-href=""/title/80058482""><span class=""watch-page-link-title"" data-href=""/title/80058482"">Mustang</span><span class=""watch-page-link-availability""><span class=""watch-page-link-year"">2015</span><span class=""watch-page-link-maturity"">PG-13</span><span class=""watch-page-link-duration"">97m</span></span></p>"
78,/title/80134523,Zenne Dancer,"In this fact-based tale, gay Ahmet is inspired by a male belly dancer and a naive lover to come out to his conservative family, with tragic results.",TV-MA,103m,2012,"DirectorCaner AlperMehmet Binay, CastKerem CanGiovanni ArvanehErkan AvcıRüçhan ÇalışkurTilbe SaranÜnal SilverEsme MadraJale ArıkanTolga TekinErdal YıldızHülya Duyar","Caner Alper, Mehmet Binay, Kerem Can, Giovanni Arvaneh, Erkan Avcı, Rüçhan Çalışkur, Tilbe Saran, Ünal Silver, Esme Madra, Jale Arıkan, Tolga Tekin, Erdal Yıldız, Hülya Duyar","[u'Dramas', u'International Dramas', u'LGBTQ Dramas', u'LGBTQ Movies', u'International Movies', u'Middle Eastern Movies', u'Emotional']",https://occ-0-1361-1007.1.nflxso.net/art/5717d/03ac5f4327784e0bfb68679b2c909d3ed6e5717d.jpg,"<div class=""title-boxart"" style=""background-image:url(https://occ-0-1361-1007.1.nflxso.net/art/e911c/908c713e6cc9fb2f6604bb19723fe7928fce911c.jpg);""></div>",/title/80134523,"<p class=""watch-page-link"" data-href=""/title/80134523""><span class=""watch-page-link-title"" data-href=""/title/80134523"">Zenne Dancer</span><span class=""watch-page-link-availability""><span class=""watch-page-link-year"">2012</span><span class=""watch-page-link-maturity"">TV-MA</span><span class=""watch-page-link-duration"">103m</span></span></p>"
